"x","y","z"
0.98476651404053,-1.51217178534716,0.0379388622498657
-0.0254541607573628,-0.629302780143917,-0.0171193484772895
-1.72624475602061,0.0753796491771936,-0.0871909566795351
-0.17335020005703,-0.719823670573533,-0.100194912871538
-0.890782151371241,-1.28820446971804,-0.0766413157582428
0.869461382739246,1.09894070308656,0.122026734338856
-0.688653981313109,-1.4263223093003,-0.0560418820353616
0.358873007819057,-1.38433376699686,0.0464231739463671
-0.378850633278489,0.27950051240623,-0.303534015359424
0.348301502875984,-1.34614518471062,0.050382691678938
-0.620267081074417,1.55770121049136,-0.0372997210540267
-0.202280612662435,1.8640204127878,-0.00601445873460033
-0.158762278966606,-1.98225704580545,-0.00304304763798977
1.36280753649771,-1.16374950669706,0.0549127147496896
0.730351000092924,1.65424117259681,0.0277600739677246
1.76866178493947,-1.03655414003879,0.0264529978242179
0.333028495311737,1.90034642722458,0.00805266856835518
-0.350944927893579,1.93185988999903,-0.00742894854244168
-1.17999559268355,-1.81845573987812,-0.0107412890568158
-0.43037935346365,-1.9492097934708,-0.00800464365591856
1.22269522119313,1.85034468956292,0.00893569406204995
0.128423966467381,-1.84417635481805,0.00421166428102424
-0.119042665697634,1.3711269851774,-0.0179093262799636
0.495677343569696,1.12255340628326,0.109958499701355
-1.11134970374405,-1.61004449892789,-0.0241912029452902
-0.144553669728339,1.64317010808736,-0.00951383531261646
-0.358833708800375,1.05316930636764,-0.104056274737648
-1.7004341930151,0.327048044651747,-0.0847920710624134
1.01526266150177,-1.557523034513,0.0320169792270006
-0.914610310457647,0.842830383218825,-0.194731757594682
0.241965458728373,-1.54071416798979,0.0212519265572792
-0.637650908902287,-0.433310267515481,-0.35193077675316
0.795443929731846,1.8085492355749,0.0160437437830667
0.199956740252674,1.57770487293601,0.0159421362146291
1.24401737842709,-0.333930178545415,0.236751872453703
-0.740259923972189,-1.3867074046284,-0.0625558146137813
-1.59079292044044,-1.24116178322583,-0.0271365947065114
0.860611014068127,0.897158746607602,0.183478498143593
-0.048625354655087,1.3577645579353,-0.00767720904635518
0.543019620701671,0.144202560186386,0.396026356690436
-1.29087352659553,-1.69111515488476,-0.0139691243679523
1.16123280953616,1.33509996347129,0.0507181551479136
-1.94622370414436,0.444243696518242,-0.0361800203904483
0.390876601450145,1.5992313856259,0.0259992156569925
-1.34057964943349,1.94410459697247,-0.00507415948844415
1.90014280937612,-1.42372744996101,0.00676756791123494
-1.40173548553139,1.28259064722806,-0.0379232826214299
0.931484316475689,1.66579807549715,0.0243914605328661
-1.82005826104432,-1.71078738383949,-0.00355096090676012
1.957953508012,0.916288028471172,0.0182924679469066
1.6857516374439,1.83241930045187,0.00342276171134802
0.753591608256102,-1.67364987544715,0.0259415614054815
0.109451319091022,-1.4320497456938,0.013911750051579
-1.4789793882519,0.997169609181583,-0.0613981844802981
-1.17849143315107,-1.96137105487287,-0.00627248106275941
-1.06675014272332,1.85483276564628,-0.0109573624517459
1.86922166030854,-0.591425867751241,0.0400249586731907
1.91623337753117,1.83178495801985,0.00170017343437305
-1.20897188782692,1.97593251056969,-0.0056497047437226
0.851773206144571,1.20392649807036,0.0967725804131018
1.81206538528204,-0.0705759674310684,0.0676035598948272
0.991058954037726,0.48621429130435,0.292999773083092
-0.692392179742455,1.29507683776319,-0.0801196852684109
-0.140830702148378,-0.963921398855746,-0.0545207152153088
0.200113227590919,-1.25490412861109,0.0398074335890656
1.94814150687307,0.973633359186351,0.0169694365294621
-1.43066713679582,-1.25525641068816,-0.0382222967851519
-0.628968232311308,1.04735417570919,-0.141390977590739
-1.20799252111465,1.54332191124558,-0.025935864343465
0.493907742202282,-1.01616203598678,0.137802100543227
1.52591599244624,-0.123858847655356,0.146436154698591
-1.49551645573229,-1.30158778745681,-0.029356871563297
-0.510698884725571,-1.89629608672112,-0.0107944050661129
-0.136442763730884,-0.309288531541824,-0.12170854240459
0.0249851858243346,-1.17138097528368,0.00633142565931029
1.42703263647854,1.52301120106131,0.018308532788559
0.441730878315866,-1.46059946622699,0.0430440433071297
-0.755876594223082,1.36899292562157,-0.0655220725653225
-1.1886575864628,-1.58744705468416,-0.0232821008493739
-1.25333174318075,0.172677551396191,-0.252876868315088
1.00585056003183,0.9341651648283,0.152809016982074
-0.136601651087403,-1.26160525064915,-0.027296574402118
1.6570532284677,-0.167233844287694,0.103441225274006
0.422691977582872,-0.773496134206653,0.194353555386578
1.55929132550955,-0.196726006455719,0.131880493348104
1.8919331850484,-0.708887098357081,0.0319260515536678
0.551489382982254,-1.40425137616694,0.0566312028457644
-1.03300598450005,-1.47539194300771,-0.0402997599725332
1.11906191147864,-1.48645775672048,0.0351066232780196
1.05350773781538,-1.83306925278157,0.0120595772761072
0.884374923072755,1.84868875984102,0.01326477411137
-0.742416643537581,1.5008343057707,-0.0449802953966793
0.483428996056318,-1.16353688575327,0.0988281784724546
-1.66417827270925,-0.617910546250641,-0.0712207340191294
1.69922376051545,1.01782780513167,0.0336022149223524
-0.151485292240977,-1.1909387409687,-0.0358450564024685
1.36500404309481,-0.526074069552124,0.160600948145999
0.785782104358077,1.29570413287729,0.0790734223430868
1.89519331231713,-0.866134707815945,0.0246586832705436
-1.3132032090798,0.492847445420921,-0.183611728440114
0.630499222315848,0.904923250898719,0.186810841590918
1.64040038269013,-0.123464142903686,0.109567282947338
-1.81920881569386,-1.46424189675599,-0.00778837254071457
-1.4053502259776,1.0782882636413,-0.0609666494724121
1.74276052415371,-0.773416585288942,0.0459630670700913
-0.665607361122966,-1.89232314471155,-0.0119028742626982
-0.862309718504548,-1.81036642100662,-0.015465471276252
0.686977617442608,-0.439442588016391,0.353277432678172
-0.63158918172121,-1.01632031798363,-0.150871317372226
0.693378972820938,-1.22632779832929,0.0952897680433977
1.58451526705176,0.945070304907858,0.0526774411163765
1.24045457225293,0.652448445558548,0.173958482080954
1.73270931560546,1.16748942155391,0.0220239042219731
0.262307774275541,1.64426673017442,0.0163970276393275
0.547410582192242,-0.176645696163177,0.393207349925724
-1.60518599953502,1.63076316285878,-0.00854190738430034
-1.13819724973291,-0.495472517795861,-0.243767507915789
-1.69841592758894,-1.39503279794008,-0.0135544935265409
-1.48322590719908,1.91494729928672,-0.00419961313748594
1.84153636638075,0.00962862558662891,0.0619920768907851
-1.00072711054236,-0.0237540854141116,-0.367404389052142
-1.04693514574319,0.258508177474141,-0.327249405717804
-1.69567434396595,1.48222385067493,-0.01062847541757
-1.70998134929687,1.77266428153962,-0.00396641582717729
0.287542399019003,-1.52185851335526,0.0261183036629294
0.277543083764613,-0.483622963540256,0.203375666704322
1.87372063845396,-0.00752370990812778,0.0559688755333514
-1.06120991986245,-1.73616115935147,-0.0168903576313541
0.787480263970792,-0.882986098527908,0.194231101011465
-0.811786371283233,1.49999595526606,-0.0442675648112492
1.93453763704747,0.586310291662812,0.0325061077479866
0.529609049670398,-1.44678670540452,0.0493265056136701
-0.393444859422743,0.240069726482034,-0.31814542785104
0.807980878278613,-0.770760791376233,0.23220790103982
1.50020317733288,1.84039929416031,0.00534240910367185
-0.000424785539507866,-0.107655314728618,-0.000419890759664525
-1.97577637247741,0.0515192346647382,-0.0397404751889678
-1.52597763109952,1.90306449495256,-0.0039754118414547
-1.02464879862964,0.278000755235553,-0.331927183127564
1.64370309561491,-1.28579408954829,0.0211086023831488
-1.2521005468443,-1.77801967039704,-0.0110614725555898
0.228419971652329,-0.258903808891773,0.202751086097218
-1.99786684475839,1.66478111036122,-0.00230912170493999
-0.409321426413953,-1.8049494009465,-0.0133179714630663
-1.1220964062959,1.03661835938692,-0.108774402757204
-1.94121526367962,-1.28397303633392,-0.00862069771260254
1.17021407932043,1.97047260496765,0.00612745018389946
1.68529021553695,-0.500609979964793,0.0766216443440143
-1.4049260802567,1.59827921539545,-0.0151716146860034
-1.86197843030095,-1.41098577156663,-0.00793711890536861
-1.45746780652553,-1.41223029606044,-0.0237088646403306
-0.795387120917439,-0.161665036343038,-0.411600280146795
1.68982913903892,0.802406681701541,0.0510601168176533
0.23512096889317,-1.65290461294353,0.0144793661734005
-0.371782880276442,0.0678149582818151,-0.322301889087863
-1.12988978717476,1.33574048895389,-0.0529327261035342
-1.37385350558907,-1.46541207935661,-0.0242998172811415
1.50371512025595,1.04524175822735,0.0525625861018286
0.475722920149565,-0.0529522262513638,0.378312036774218
0.86547205876559,-0.436180726625025,0.338315732730314
1.43804158922285,-1.5708573255688,0.0154171589983521
0.401393213309348,1.95710158534348,0.00741554447403439
-1.93812067434192,0.74045052845031,-0.0261773707201458
1.19692805409431,-0.375806028954685,0.248054048641508
0.790334466844797,-0.701021117158234,0.258888393429773
-0.71915418934077,1.98206874169409,-0.00843421409362889
1.59551632218063,-1.47063478082418,0.014389714533828
-0.230368602089584,-1.92347006686032,-0.00540256506565593
-0.269245228730142,-1.71805092971772,-0.0130845298513873
-0.197391534224153,-1.94073177967221,-0.00439200560883803
-1.17408587224782,0.0752124041318893,-0.294156106696977
-1.32211468741298,-0.22898826841265,-0.218451690911674
1.94912879634649,0.854872675612569,0.0210148099392726
-0.140129196457565,-1.64982580300421,-0.00903407425717265
-1.16192925535142,-0.189256348647177,-0.290597600432752
0.256423807702959,0.0352794546633959,0.239806839869762
0.350277472287416,-1.00394028518349,0.113084487299431
-0.952015938237309,-0.174512723460793,-0.373079949757657
-0.970161427743733,-1.85305729229003,-0.0122121084276763
0.583971290849149,-0.432308221235871,0.344446560129923
0.463809078559279,0.0414027655497193,0.373396160523327
1.9794792579487,-1.45588640775532,0.00472395193255637
-1.02508527040482,1.01224956195801,-0.12864827002142
1.59882109425962,1.9642165414989,0.00261861697748315
-0.15503800380975,-1.76015850063413,-0.006831030514185
-0.298700573854148,1.13227045536041,-0.075806438485996
1.561234658584,-0.872026974335313,0.0637741242390398
1.64275389257818,1.76944207213819,0.00482863450778918
-0.902632045559585,0.790466367267072,-0.213948065913511
1.8137909239158,-1.14649263583124,0.0181540102623899
-0.992958083748817,-1.01044931914657,-0.133448397665392
0.691292789764702,-0.889251809567213,0.194398261859009
-0.779577161185443,1.88016378786415,-0.0123789228006144
-1.61616540327668,-1.8645792901516,-0.00366623425728771
0.585122698917985,-1.96135095879436,0.00886894111209629
-0.0592049788683653,-1.81302476953715,-0.00220436965301605
1.0287715010345,0.27038864325732,0.331835655294923
-1.91522396169603,-1.85615111328661,-0.00155925800025148
-1.47370762564242,0.621369113214314,-0.114162509811389
1.07927784044296,-0.13195900991559,0.330892514500631
0.163165189325809,0.461585743352771,0.128390813353384
1.51914256531745,0.996114381588995,0.056028660695356
-0.316780026070774,-0.96699951030314,-0.112479386201386
-0.185454308986664,0.674384671263397,-0.11370649844245
-0.45196635555476,-1.18123760633171,-0.0912873180036279
-0.66766113974154,-1.39477350749075,-0.0611063772234571
1.13133640401065,-0.018274012953043,0.314473204673396
0.998845756985247,-0.0748096089810133,0.366248126687785
0.446022807620466,0.258624473586679,0.34190985676834
0.678688814863563,0.829762390814722,0.215086138205073
0.534220707602799,-0.496630686335266,0.313806094164469
-1.85190403088927,-0.837191013619304,-0.0297709254670117
0.520308235660195,1.90064808726311,0.0107106394133129
-1.25720791891217,1.73307774588466,-0.0128393975720415
-0.497509767301381,-1.76608820911497,-0.0171677334233571
-0.0433372855186462,1.33745020627975,-0.00723089043757397
-0.27227374073118,-0.77141347900033,-0.139434675344783
-1.25484372861683,-1.68615286238492,-0.0151351834937782
1.43430689349771,-0.340291955508292,0.163269487105649
-0.54168061260134,0.709372634999454,-0.244215035630828
0.595332579687238,0.704443897120655,0.254285619687944
-0.755878950469196,-0.597349678166211,-0.298778237965192
1.24601592775434,1.92290054354817,0.00653782335528788
0.999909969046712,1.01990778744221,0.130012864453152
-1.37617297191173,-0.0722560156136751,-0.206023190255904
1.34533166512847,0.878936034627259,0.101692139665961
-1.69278308190405,1.7452350128442,-0.00458490522590441
0.796552048064768,0.511221907101572,0.325202956710484
-0.158554502762854,-1.74230607878417,-0.00742853300943585
1.3293351624161,1.37234926316887,0.034534531765752
-0.113959664478898,-0.766129644587636,-0.0625460526608433
-0.801721949130297,1.02379651740193,-0.147797701673559
0.095319121144712,-0.723487923853099,0.055964072442571
-1.48200569394976,-0.437822494655848,-0.136063574244764
-1.02734051831067,0.418081694282591,-0.300217699756659
0.51218278054148,-0.362440718337893,0.345498077773754
-0.126257030293345,1.01148752681911,-0.0446686492944903
0.876815182156861,-0.821888385340571,0.206849370542765
-1.28893946669996,-0.847625375725329,-0.119311928794827
-0.886224068701267,-1.68732286989689,-0.0234417413264431
-1.16148699540645,1.94026212114841,-0.00698515523495962
1.34964989498258,-0.834215991199017,0.108867259978767
-1.22750713769346,1.87500335741788,-0.00808757805469589
1.94334693066776,0.438121911138296,0.0367309192083348
1.33109526894987,-0.997905301861465,0.0836070449520703
1.16412825603038,0.828919727355242,0.151021966074551
1.25562679115683,-1.64575966168195,0.0172923924045232
-1.23780122213066,0.105528634041548,-0.264490072770372
1.67645646072924,0.508389165624976,0.0779035705433526
-0.154265670105815,1.58082551229745,-0.0123773606435662
-0.105134636163712,-0.710620848461986,-0.0627530069236756
1.85294029209763,-0.393125627189875,0.0512437427890888
1.66370972897857,-1.83959282096475,0.00354228980356448
-1.47351932432503,-1.7828062819317,-0.0069988893950058
-0.636585474945605,0.795584060251713,-0.225410601382231
-0.687428400851786,-0.263486855663359,-0.399804049367001
-0.0451530618593097,0.2218161476776,-0.0428976433331116
-1.81850165594369,0.444285030476749,-0.0546763202803827
-0.382873700931668,-0.672995138913393,-0.210227535041066
0.413661238737404,-1.29717470239848,0.0647976635233017
-0.798245370388031,1.33137192111462,-0.0717127938977829
0.373055824078619,-0.225988365709782,0.308427461112397
1.87612867355347,-1.84738355968148,0.0018299358291813
-0.816756088286638,1.56413563713431,-0.0362968044469298
-1.369220495224,-1.22873890213668,-0.0464061884050164
1.6605890551582,1.112533563748,0.0305584343301353
-1.40085700713098,1.72194492258132,-0.0101486917487968
-1.72201477643102,-0.548837198875844,-0.0656733429902799
0.33541342522949,0.742090861313045,0.172804839758144
-0.930536150932312,0.23772519081831,-0.369943441028541
0.657907234504819,0.344234278425574,0.379071473878524
1.30060437135398,-1.65793631132692,0.0153368709180338
0.22328650392592,-0.248442579060793,0.199711762570312
0.686322985216975,-1.12409784831107,0.121111684010755
1.05562417488545,1.46820429433137,0.0401218573717653
0.67289898917079,-1.48733875062317,0.0468347579855135
-0.463000265881419,1.33132163155824,-0.063493725848577
0.227787763811648,1.39086593221873,0.0312499891258815
0.252675417810678,-0.542641214095056,0.176584828828937
-0.339079977944493,0.312503810971975,-0.27412991582961
-1.50584110058844,-0.239291095174849,-0.147273182054009
-0.0179230654612184,-1.67276175320148,-0.00109158998734475
-1.26575995981693,-1.5471957065165,-0.0232769860526143
0.0921418536454439,0.856062843464315,0.0439035667466964
0.0480651520192623,1.0199556844309,0.0169444029059527
0.794615047052503,0.318974196910858,0.381724891006986
0.87817239202559,1.65081835445017,0.0266144667605651
-1.0826374059543,-1.45078660640866,-0.0408648326440242
0.506849423982203,1.72268208581954,0.020159669676347
0.913746112026274,0.942222699522972,0.163177274484398
1.49180995300412,1.56898675858974,0.0137429918534628
-1.97071008756757,-0.957086090929806,-0.0162231165498109
-1.20600158441812,1.44681009743363,-0.0347217541549137
-0.168687954545021,-1.92422977183014,-0.00404278877456803
1.0611900947988,-0.627015581354499,0.232263692470801
-1.38376036379486,1.76313944999129,-0.00910757522109244
1.75923935975879,1.99221425037831,0.00150500477104365
0.933680321089923,0.149553786963224,0.381842734411072
0.140469474717975,-0.496710054576397,0.107612590367243
-0.231075061485171,0.70761994086206,-0.132770348731508
-0.38176282402128,-1.8853339375928,-0.0094363818323165
-1.08359151426703,-1.13004992250353,-0.093396407601267
-1.63996421080083,0.454881815239787,-0.090561539976784
-0.00903151743113995,-0.296147046610713,-0.00827249168026671
-0.156016387045383,-0.66871801763773,-0.0973620151855436
-1.50112489890307,-1.62897521909326,-0.0111009846557221
1.77967321220785,-1.62713365722448,0.00530889840508094
-1.07275244779885,1.82266940269619,-0.01224431123175
-1.86312889959663,-0.601602658629417,-0.0403195918961571
1.87592341378331,0.022380081936717,0.0555490704335194
0.0240500485524535,-1.85653758328408,0.000765540477851389
-0.0432637110352516,-1.14891986083239,-0.0115354581142506
0.223760010674596,-0.231997849419713,0.201680054293701
0.874068006873131,1.36139634530991,0.0638006446182298
1.19851100631058,-0.626353378407657,0.192498440105455
0.602679037488997,-1.6266671391204,0.0297288149307445
-0.026578857563436,0.428509664721787,-0.0221046745194068
1.74999707750976,0.920276923105121,0.0350918886238913
1.57118109241128,-0.731968183070421,0.0778820464791326
1.0488969059661,1.94709935877472,0.00787831219824127
-1.1694020209834,-0.93458956386894,-0.124373491204962
0.0494805928319693,-0.658503450453281,0.0319926249322791
-1.8564637741074,-1.13583581615239,-0.0162785455124284
0.530134138651192,-1.16066035069525,0.104058725878109
-0.478684388101101,-0.11824185680598,-0.37537352715674
-0.240016201511025,-1.21590804122388,-0.0516590958541328
-0.848279369994998,-1.38934651762247,-0.0599402595292577
-1.89366097468883,1.95166336093098,-0.00116337527118714
-0.027252827771008,-1.3147495649755,-0.00483484055887491
-0.403250731527805,1.93300348706543,-0.00816980383025502
0.669681995175779,-1.60388512257487,0.0326511966066367
1.11301896627992,1.89331142045557,0.00894765992930147
1.60475577879697,-1.79267974477261,0.00491251035137162
0.802162699401379,1.35309122968465,0.0675582765850122
-0.906846983358264,0.372621072456241,-0.346802625210106
-0.838575733825564,0.539667060598731,-0.310211741102584
-1.86214819829911,-1.46209445502609,-0.00684946082670584
-0.163104780949652,0.745383339002728,-0.0911214589725403
-0.886719134636223,1.28771567437798,-0.0769415316341086
0.829500949010253,-1.28201309964061,0.0805755168052244
1.05720999650657,-1.13599812146276,0.0951261523005255
-0.299139004200697,-0.271020728163421,-0.254162031626468
-1.55990977492183,0.222460330463946,-0.130265693051387
1.64815294276923,-1.43991488218307,0.0137034485556768
-0.186652555130422,1.45249267667532,-0.0218603554422775
1.52936748135835,-0.884768369607627,0.0674124390910732
0.84099630638957,0.751873123459518,0.235567921737678
0.224556397646666,-0.775892520323396,0.116943640226913
1.22789560630918,1.77273222897202,0.0117370431123935
1.26001299545169,-1.76908448990434,0.0112636939973208
1.51468575652689,-0.580607331357896,0.109025899134351
0.843514053151011,0.763558624312282,0.231143523570752
-1.03551613260061,1.5256772832945,-0.0345590835731847
0.497690503485501,1.41844071913511,0.0519513910513767
1.34597446396947,1.77981901820749,0.00925783799006306
-1.27756397239864,-1.17113423720002,-0.0633696659533518
-0.547511382959783,0.358152278698981,-0.356859263105404
-0.200250621885061,0.603160109370947,-0.133709195971926
1.86396703775972,0.116795266978443,0.0569656274780853
-0.647303998470306,-0.148108136840165,-0.416496290852148
1.80382488109171,-0.0453224610537291,0.0695347269569702
0.0783687494695187,1.22586661856622,0.0173316553202383
1.01182912476361,-1.59286051616073,0.0287463897337304
-0.994375691749156,0.529376115649939,-0.279525355712114
0.617758597247303,-1.1523905210197,0.111772791602228
-1.99012707266957,-0.931814359501004,-0.0159119437320283
0.162429113872349,-0.0855606300756335,0.157045857049921
0.776099500246346,0.855964981019497,0.204235604390521
0.931378408335149,0.393452603369951,0.335088594388178
0.214805264025927,-1.63358762208372,0.0142247307017059
-0.088549992069602,-0.69600757677108,-0.0541251862081538
-1.56747132819146,1.49633459746838,-0.0143139614855914
0.148854650557041,0.946305026300251,0.0594609277530168
0.674406266771257,-1.4686102392152,0.0495109002113086
-0.0690802307799459,-0.0394491320475936,-0.0686444498388178
-0.291224088519812,-1.39236099179834,-0.038498236430737
-0.867370274849236,-0.426879107020795,-0.34066820435832
0.225053907372057,1.16770948655903,0.0547154027440529
-0.380895014852285,1.38801358547062,-0.04798368511993
0.314068046398461,0.659975880756974,0.184085950303456
-1.88167217280716,-0.64660669118166,-0.0359139476912233
-0.894089895300567,-0.138193100690842,-0.39437895043203
-1.98346538376063,-0.467080978676677,-0.0311963536715581
1.7081776689738,1.58561159111559,0.00747188510392907
-1.20489186793566,0.614262879826128,-0.193458265453363
0.989062800072134,1.81059692334384,0.0140167267857292
0.116251355968416,0.730163452215493,0.0672960581712155
1.69640926830471,-1.73543383739889,0.00469610805148041
-1.20095500629395,0.278325132094324,-0.262726758632728
1.11736219841987,1.03263081144542,0.110376950606173
1.46005759201944,1.11735693924129,0.0496985848487396
-0.542756685987115,0.414567035622895,-0.340430325373382
0.597940495237708,-0.534460695460439,0.31428812850579
0.928816691040993,0.015714461915195,0.391883268457362
1.3749120393768,0.201669532805681,0.199355830350992
-0.389116245321929,1.43843545299023,-0.0422401050065917
0.906684690155089,0.773000545799732,0.219244551014854
-0.684016511775553,-0.271299328655005,-0.398019159368918
-0.464232177473605,1.03732979297638,-0.12758977003594
1.81329242046922,1.60533885285258,0.00514362073215885
-1.44588137790561,-1.36913124192506,-0.0274229717757417
-0.174461245536804,0.309912320226431,-0.153733449588626
0.724387760274112,-0.552337089553475,0.315927558411033
1.62384256441146,-0.90148111898452,0.0515740011096457
0.175102856941521,-0.705285355448723,0.10326361753422
1.73352187220007,-1.30225173011422,0.0157517698821445
1.93423061911017,-0.572777652181685,0.0330539999693017
1.79004000686109,0.103480954654515,0.071883137826859
-0.696736159734428,0.666108654811978,-0.275135797764168
0.148335449397564,-1.36774272937328,0.0223483541761362
-1.48959992080927,-1.66939067933708,-0.00997906789860136
-0.684414277784526,1.63483164273202,-0.029590873907076
0.897841949947178,-0.836100220680237,0.199299816086193
0.346826011314988,0.0397772993892431,0.307032231358312
1.47675764746964,-1.04126484878361,0.0564050419103818
-0.941302516497672,-0.724727728404105,-0.229518552289207
0.146684184670448,0.165506143122911,0.139682688378587
-1.97953853942454,-0.945827422663569,-0.0160780774188716
0.0910920975729823,0.492968914099038,0.070849289330226
-0.591887081973255,-1.90089781582355,-0.011241058951236
0.58459307719022,1.52806708030403,0.0402125020216571
-1.98626952338964,0.465579000301659,-0.0309379356549303
0.0286289509385824,1.26474580727518,0.00577776484312767
-1.86403799708933,1.9375799363479,-0.00135208347206989
1.09783106204122,0.739492136985064,0.190377718167723
-0.912571525201201,-0.738061890006065,-0.230153004355434
1.1711414149031,-0.79467289801687,0.158009774017481
1.67952481471002,-1.51961887720972,0.00993656163447423
1.06798392627388,-1.44240006431937,0.0426241228363943
0.143784263171256,1.09594417456537,0.0423744868406542
0.945952145382762,-1.33581650722772,0.0649073442042053
-0.692079544998705,-0.868572833947837,-0.201604535598747
1.25362570304424,-0.632149659097195,0.174618675513151
1.52002868242562,0.171704433858395,0.146425223107957
-0.303537565283477,0.282956540584564,-0.25552133753882
0.00785714946687222,-0.661794661544263,0.00507024920152062
0.166597771458328,-0.701946216635406,0.0989979402674596
-0.602924170903862,-0.508208932355046,-0.323758400760621
-1.16432984452695,-1.24336989969015,-0.063960663745694
1.27618038374931,-0.213364978320897,0.23923966565548
0.667612091638148,-1.97905416972935,0.00851088550743215
1.72778596263379,0.933282516896725,0.036537366931355
-1.21355280280113,0.466275307349861,-0.223896629434705
1.5717593235895,-1.64460318163037,0.00888890493840201
-1.5122598670423,-1.69333581253886,-0.00873243568114991
0.973738755099475,0.957069003023207,0.150956966986077
0.924640131182969,-1.38196575827897,0.0582425324063204
1.72499902360141,0.134961816482246,0.0864136319102106
-0.753873876295984,-0.632577707059681,-0.286215408634733
0.25465103238821,1.95863800309598,0.00514890531557961
1.66072638332844,1.74221365060657,0.00506163645612816
-0.159181929193437,-0.226347913965583,-0.147447988335155
-0.355262896977365,1.87348509114236,-0.00936238398736923
-0.342755308374763,-0.221670602448285,-0.29014991814191
-1.79002192988992,-0.119250581599772,-0.0716350113219742
0.935252889990807,-1.5941962916404,0.0307121142820787
-0.804314450360835,0.848581445403397,-0.204993463976404
1.73888541664928,-1.43335350044072,0.0108349267271024
1.61058534495533,0.675416790880263,0.0762623954390728
0.334198392927647,-1.30089921690524,0.055020589463164
-0.503015550784767,0.971978272311389,-0.151844152069425
1.80191059969366,1.02526045590639,0.0244972781017505
0.481469538994133,-1.67036860529333,0.0234506631069729
0.868784421123564,1.48886724468321,0.0445041736585396
0.687762903049588,0.987189430743456,0.161722738447868
1.07888452429324,0.147464517503977,0.329621602615855
0.746483610011637,-1.50329399947077,0.0446227149014843
1.89176885597408,0.0294324671849608,0.0527525387122006
-0.338729841634631,-0.460412330925465,-0.24432161270819
0.620682045817375,-0.970188494771719,0.164729878092248
-1.84120040107518,1.51278346590698,-0.00629427379176681
1.36863723397255,0.943628461100161,0.0863119667671919
1.6523485481739,-0.901581240817904,0.0477915315204087
-0.0110087050125003,1.39480310957879,-0.00157316485031412
0.20071838144213,0.58586504124105,0.13678045512236
-0.752839983440936,1.06151282694191,-0.138417596493722
-0.635091851465404,0.937614486552775,-0.176144917517069
0.785146708600223,-1.95581193361431,0.0092462208987997
-0.629291930235922,1.44271984323859,-0.0528335490453764
-0.576251215301454,0.847840563394129,-0.201470832534376
1.44471396226436,-0.424617601558566,0.149630375639333
-1.54581602569669,-0.674354650080204,-0.089927684562363
1.30336100514978,-1.62066114414483,0.0172430496211966
-0.253012948669493,-1.10211750678718,-0.0704400587005254
0.144464298151433,1.64979557320476,0.00930300102161898
0.728185563348234,0.644215969368815,0.282954888563308
-0.525398647412658,-0.411958363838494,-0.336434631644346
-1.92991872597486,0.650507108308375,-0.030492702213361
-1.12945635337383,0.435251958668232,-0.260962252657248
1.60062421392649,-1.27726527675986,0.0241611145593339
0.0354954423382878,-0.546448173932731,0.0262992065672013
0.244203502312303,-0.829886443912983,0.115544419821335
1.10373282153159,1.80158127564937,0.0127118159917613
1.13547221478075,0.879113981500268,0.144411281284792
1.20668511278927,-0.194329501129687,0.27090802887687
-1.68138509709388,0.798978802748024,-0.0525597292706655
-0.0765263196080923,1.92526224907488,-0.00186851448761559
1.60695290565491,1.79160686675459,0.00490346576245995
-0.920541138388216,-0.0022825300693512,-0.394476864567325
-0.170362824574113,-0.820094283670187,-0.0844662713318692
-0.298372442834079,0.00180907640606165,-0.272956686998084
0.906652571633458,0.277659270912409,0.368944330990674
1.87646836973727,0.58704365696758,0.0393066204759016
-1.84649384673685,-1.94348485581577,-0.00139706134473059
-1.32714865077287,-1.92603592947125,-0.00558369143619088
-1.00144220422953,-0.950705701485276,-0.148779988130639
1.71442074142396,-1.17976532131433,0.0225502431916579
-0.0141446804627776,0.549661032855511,-0.010454278195767
-0.848474223166704,-1.02388130594045,-0.144777527181383
0.675964668393135,-0.86628838442266,0.202098865550282
-0.57634765189141,-1.01612969208509,-0.14723278032963
-0.183163010515273,0.970014010556042,-0.0691239075051287
0.845126542262733,-1.61232865322381,0.0307424308231284
-1.33904669992626,0.707352118566632,-0.13514119727185
1.93359274510294,0.901906851679087,0.0203874232697341
0.986085064709187,-1.11939600296319,0.106519861115874
0.833754505030811,-0.520862313918769,0.317188069085746
-1.03047913406044,-1.45634400192648,-0.0427322563926081
0.195306219160557,0.701422557234764,0.11494233392586
0.965738419443369,0.910839398391545,0.165772092085187
-0.910638399422169,0.684235315769911,-0.248814000036705
1.43444173783064,-0.583351304754615,0.130400329410131
-0.0450534056872129,1.62282282672822,-0.00322929821530073
0.27268698066473,1.94436661805958,0.00577422940722698
1.110342185013,-0.165766107849777,0.314846541807377
1.91025529243052,-0.307683216407895,0.0452068185867158
0.19066118542105,0.504407212138176,0.142553822652798
-0.115787641145289,0.56627762876451,-0.0829037837053345
1.35412929113954,-1.74445320665836,0.0103204855653957
-0.153803802095354,0.272866692394018,-0.13943045359973
1.89735866617411,-1.82853111159056,0.00183074335282666
0.228321330621839,-1.79541986249387,0.00862867422181123
-0.0710594700649381,-1.49942333716899,-0.00746479030862482
-0.194019761867821,-0.531533725559711,-0.140863065210839
1.51499477308244,-0.173267216421664,0.148107235720665
0.573320111259818,-1.09048556070775,0.125661214391078
-0.801989818923175,1.47844248637557,-0.047376013579877
-1.46945401374251,1.12658950779587,-0.0476626071832363
-1.3930306294933,0.242220046930015,-0.188676154256072
-0.757979956455529,1.85546443145722,-0.0136450261666384
-0.671068215742707,-0.681146319955587,-0.268964105861937
0.467019375413656,1.99405587743968,0.00704279287397942
0.0721034398302436,-0.553345635533333,0.0528105749557502
-1.7717092866078,-1.06653261370957,-0.0246125000469029
1.43745284620672,1.79004841390997,0.00738967651223326
-1.55652412585914,-1.30196574423462,-0.0253385850892958
1.11693487875164,-1.27122076041996,0.063739072153327
-0.717404094524682,1.78896058537066,-0.0174718438380404
0.9498549727723,1.67293707933277,0.0234616312016299
1.40649920981377,-1.65494065079838,0.0125760030881735
-1.83943822328001,-1.79283748287708,-0.00250782607750337
0.57521297968924,1.60220127552748,0.0317160059296541
0.353547079488635,-0.627520971931517,0.210447991188144
0.082658932544291,1.63601716142148,0.0056482075305483
1.01507931668311,0.715184446424246,0.217206219244699
0.1607097517699,-0.788775428198278,0.0840662899370124
1.89144218154252,0.609906552359462,0.0364359289672673
-1.82543394062668,0.0739233866333961,-0.0648384813280178
-0.568940044380724,-1.10278072021902,-0.121992182819566
-0.690460020676255,-0.686521547846496,-0.26755126591929
-0.884131497703493,0.528445145115256,-0.306023846301504
0.81680896691978,1.84112982451916,0.0141323899952784
0.110777414403856,0.0209850370883942,0.109378123839774
1.92285779025406,-1.46907314378768,0.00550694381351627
-0.616455938667059,-0.779084278270602,-0.229751114685778
-1.76742107793689,0.819776117801666,-0.0397045819311562
-1.02901239227504,1.39075237791985,-0.0515883617023439
1.91303830593824,1.39775170199573,0.00697981640091479
0.372633984312415,-1.17972400039434,0.0806397625060457
1.60291983559728,-0.827458146959543,0.0619014223769951
1.76806659065187,-0.688191545195878,0.0483262472810284
-1.89728180132806,-1.68091307766736,-0.00307415633687149
0.0486153718084097,0.274903704412282,0.0449703899542067
1.86869106907398,-0.978873741813004,0.0218192670184043
0.671632811427116,0.573998900130391,0.307706500709571
-1.46958450227976,-0.319515867158771,-0.153080815772287
1.44834199920297,-1.51905853953212,0.0176889710203227
1.15203009638935,-0.191570492461324,0.294538100925837
1.6380466055125,-0.815880485810339,0.057535495347961
1.39099964685738,-0.409140437841415,0.16994961701302
0.387882364913821,-0.512712543830276,0.256563251519705
1.06582963839173,-0.659621483646333,0.221498420448271
0.347563032992184,-1.17046844121069,0.078268842933093
1.99742287676781,-0.507086171768606,0.0285820395495883
-1.83484050817788,-1.58012040797621,-0.00521371496113444
-1.07835871260613,1.11036865785718,-0.0982405815661251
0.371895296499133,0.90207392256707,0.143533560695459
0.136707050725818,0.720124465413392,0.0798837343609662
-0.361240067519248,-0.0568444197997451,-0.316023655464051
-0.409034743905067,1.63369972538203,-0.0239870928177883
-1.66369946952909,-0.996805673465133,-0.0386784084152174
0.289387051947415,1.94301064778119,0.00610269104578518
-0.168266906403005,1.61500140745193,-0.0120493190677102
-1.93079132027924,0.427183138206601,-0.0386769823720457
0.954166254028678,1.19045689702034,0.0930574517104068
0.527176939882338,0.629069945774972,0.268779601601833
-1.18889338616282,-0.237712763249874,-0.273363765991789
0.913792094215751,0.230975182726979,0.375867824520181
-0.323698509484529,0.0472186850383878,-0.290848416816327
-0.562296907417476,-1.8767403261736,-0.012105960703456
-0.259516845457256,1.20248081255704,-0.0571404640420731
-1.17861654795706,1.66260882746428,-0.0185170426506192
-0.14079718105495,-1.60549973789603,-0.0104841769983431
-1.22800786141306,-0.759786757640541,-0.152607503047316
0.385637142695487,0.346215694211423,0.294805427157416
0.443060298450291,1.49797587282956,0.0386084718752937
1.62511249259114,1.08066480886191,0.0360355256648649
1.60407900437713,1.21159412618726,0.0281986826670263
-1.97727708797902,0.339826020412147,-0.035317181103171
1.77875285595655,-0.765306635759771,0.0418466516632777
1.68194392416626,-1.29709024354815,0.0184733109155758
-1.00767913274467,1.55153646226972,-0.0328753273855848
-1.68872136902064,1.33885509334505,-0.0162389732955875
-0.717672625556588,-1.90601248852909,-0.0113370475573243
-0.678297612816095,0.0644448278471828,-0.426386137254793
-1.36767836567014,-1.18632032349706,-0.0515715382424703
-0.110886474139988,-1.21788648422807,-0.0248526310408347
-1.84590603783727,-0.508870517835021,-0.0472006285343414
1.16529194358736,-1.63798504136503,0.0204877392209212
-0.459130067378283,0.680036912672222,-0.234178330144458
0.645292250439525,1.19801056943834,0.101298530291003
-0.0985229285433888,-0.86452120449394,-0.0462095098452419
-1.06144348811358,-1.09056778904051,-0.104729900634916
0.823460382409394,-0.889690085314214,0.189403562573968
0.55721262190491,0.415299949236214,0.343774850998368
-1.9158696020022,1.58305920101702,-0.00398004900885795
-0.0328699862584472,-1.47709895391017,-0.00370490721029374
0.451023375615478,-0.194485855288804,0.354345467990723
-0.446701118722558,-0.81055635586381,-0.18968147865894
-1.20736299268901,1.14853818807751,-0.075138159824735
-1.37785024009645,-1.63478197995573,-0.0142576892884163
0.603133243508637,1.50608909595758,0.0433828440950149
0.933884148485959,1.7948015620932,0.0155786306090913
1.63305300846696,1.36595335789025,0.0175581081985775
0.847260283306241,-0.272715491242707,0.383670542027582
-0.272071019746363,-0.959189961664379,-0.100684826877283
1.93490558117628,-0.136597720906138,0.0449385168622195
-0.761532252654433,0.0436394456773996,-0.42559864423994
-1.58171875122935,-1.88513743504882,-0.00370873183597588
-1.81327474303544,1.86065546236932,-0.00212311785893647
-0.598592335358262,-1.49757007788867,-0.0444138727037904
-1.36086613032967,-0.0495398947969079,-0.21303698959487
1.23087419196963,-1.49765369948,0.0287162177359395
-0.549440616741776,0.548472555354238,-0.300724199777114
-0.741720022633672,0.366493264213204,-0.374093564761282
-0.824568120762706,1.05691288877279,-0.136712792344661
-0.0710540460422635,-0.587518072687089,-0.0500596170491136
0.752169826999307,-0.956297766417265,0.171176855635891
-0.960023353807628,0.0239296201616526,-0.381740151119467
-0.564229480922222,1.10137027315795,-0.12200837184685
0.425880588591099,-1.99212019518018,0.00671431524422138
0.0332053657621145,-1.18776719924062,0.00809153105784309
-0.261873010545969,-1.95718733593822,-0.00530526621164159
-1.2793798269704,0.366501222364604,-0.217673196995226
1.8395675253123,1.76531635131687,0.00276470871430163
0.497928351163864,1.76289907936007,0.0173694060665344
0.621711293235421,-0.184603338129818,0.408247048266392
0.266336505301297,-0.88524866849184,0.113313716887212
-0.578560682944953,-1.23245125077665,-0.0906381212403182
1.12861716095358,-0.433821369893849,0.261587996598296
0.584139256738126,-1.35630475264043,0.0659804281207641
0.0272787343710661,0.0139637608081102,0.0272531285014412
1.42556752916425,-1.91717543732375,0.00473281821315908
-0.781176034361124,-0.416570435278118,-0.356749407790452
0.712146271951497,-0.788606307469308,0.230265066320592
-1.00401857215911,-1.02291498892009,-0.128683696782228
-1.8601495269686,0.626805958338082,-0.0394632627522126
-0.587367931380868,-1.09355582483113,-0.125811655909307
0.403796489350498,0.549049029126763,0.253763966849745
0.990902894176543,0.707407182082534,0.225045605970377
1.95625251810998,-1.26279968954623,0.00864688353427592
0.0548852868378162,-1.43450374808162,0.00698966000816012
1.17051637917757,0.169396016746759,0.288991326553783
1.99329763278365,0.863833817653358,0.0177804818564985
0.539740521460772,-0.397732752375305,0.344322023887254
0.675070487894118,-0.513372150249779,0.328831671696011
0.520873448811471,-0.953980718739331,0.159831278630845
-1.87830180767924,1.87637580279261,-0.00163120583890043
-1.67537787370384,1.9501361111179,-0.00225662908268995
-0.768447570502758,-0.795348116196692,-0.226168894947839
0.55663039162755,-0.363119001500309,0.357883905589025
0.0953544098883867,-1.733288702555,0.0046843088957988
-1.88144621998072,-0.447617640718818,-0.044683066085865
-0.176830143667758,0.664805266074836,-0.110162295273425
1.00887675583363,-0.0701066385954618,0.362797787127446
1.30340838246047,1.7597729191184,0.0107732241115547
1.45075828954577,-1.52962622698396,0.0170369693078828
-0.425838639959693,-1.76383151859045,-0.0158254645305592
1.98774737864733,-1.11214364692569,0.0110978808237328
-0.994770232588053,-0.897982039488852,-0.165103447102093
1.96528425253928,1.96380260586739,0.000873304753467177
1.24515642318875,-0.878520402126014,0.12209553681932
-0.293785270303488,-0.13651511259377,-0.264516324136232
-0.260537349618971,-0.496247556991875,-0.190300590864016
1.81076913885772,-1.11245645396411,0.0197877436090012
1.73834041226655,0.497795089147985,0.0660927336598962
0.890559979714453,-1.28154380060732,0.0779758267515662
-1.15801526512951,-1.26807198300958,-0.0606704604899349
-0.261441134847701,-0.379178459756076,-0.211469627101026
0.946021006442606,1.90886248927563,0.0101102830204764
0.267838401719928,1.31127926241606,0.0446651299466205
-0.176641320809722,-1.79085769504309,-0.00692922379446877
-0.438109440729022,0.523904173634946,-0.274802670598352
1.43378951679915,0.486973780207336,0.144774938573001
-0.502797489054501,-1.70400482416153,-0.0214076798043838
1.25768615305424,0.693362060934305,0.159892788398965
0.180251164361835,-0.174318267032504,0.16926641526722
1.82544254604727,0.679506030865014,0.0410835908629225
0.486582809127867,-1.25209437403828,0.0800702159854608
1.09494897723198,1.72181076649576,0.0170289947827108
1.40322782471776,0.540586818009615,0.146239840206779
-0.705845889635384,-0.0849882764741778,-0.425793931336078
1.18368123564869,0.666416773572564,0.187011847193212
-1.58223107922822,1.96333926543593,-0.0027413073623878
0.342525119893253,-1.14390102028847,0.0823115959082099
-0.642893999814987,1.05651036836207,-0.13927536333324
0.606385997496545,-0.833142175339162,0.209701875285299
0.70523820631206,1.53261811472476,0.04094609370019
0.94578287191689,0.19854072201997,0.37170084896609
-1.09309511538595,1.96817686222494,-0.00687706123366807
-0.645129528827965,-0.325177125632763,-0.38280236760354
-1.26060808915645,1.29884066153318,-0.0476188968674223
-1.10413611400872,-1.5859684702009,-0.0263747196981683
-1.51743785012513,-0.916429733857512,-0.0655175129750375
0.39202006533742,-0.890153626911342,0.152209797278266
1.04628390446305,0.148042832501233,0.342534827267304
-0.484954765066504,-0.494246489368379,-0.300243827316742
0.442246353253722,-0.831160932779312,0.182264103611852
1.62900979630649,1.64573858585209,0.00764154045318895
0.170470084995031,1.03241869341582,0.0570319375241616
-0.434308757074177,-1.17005372885615,-0.091478674368688
0.591474145650864,1.18680174741894,0.101929145506924
0.922240929678082,0.856537153944373,0.18916549616139
0.786078223958611,0.681279468350112,0.266399116142086
0.793716952204704,-1.76690181996673,0.018630467396981
1.70190391689539,0.123726597987115,0.0925470941671054
-1.49250429775566,-0.576869278214872,-0.115337600223597
-1.10414553713053,-1.9997641062364,-0.00598127165984257
1.3748239511624,-1.07052945438772,0.0660166350832372
-1.25556773133576,0.919017833657563,-0.111530602852791
-1.23290788847953,1.70776984281838,-0.0145937170587684
1.87811942677945,-0.464199805632234,0.0444876761107427
-1.68696484528482,-0.161401978693902,-0.0954674408432886
1.86423451732844,0.301340453326702,0.0526901956234682
-0.557141391560435,-1.08293123543262,-0.126427934951862
-1.01976994611323,1.34071608539671,-0.0597328412105532
-0.467073424719274,1.40658971015364,-0.0519267605541603
-0.935024546459317,-0.477855624631047,-0.31042920785984
-1.66184250824153,-1.95503412000835,-0.00229745796233359
-0.488796010613441,-1.94731355737895,-0.0086797577169405
-0.02640410233289,1.56144880037755,-0.00230412237749927
0.515601951628923,0.164527812972665,0.384683255410318
-0.263025360181928,-0.407597105018795,-0.207874122030286
1.80117443576455,-0.49322497472167,0.0550748942013707
-0.254642965272069,-0.122130647301674,-0.235121756583462
1.08828912395984,1.19942802935839,0.0789931639233795
-1.19973848201334,1.79735509585589,-0.0112458718489295
-1.33752236515284,-1.92158849909902,-0.00556838888300137
-1.65130115393549,1.72955314908177,-0.00542582107272646
1.87562173232436,1.20106214750558,0.0131469304967391
1.1087018372491,1.98803752101958,0.00623034771968769
-1.0174810718745,0.211000482551754,-0.345604956759835
-1.89469687733799,-0.368405761197209,-0.0456596549283202
0.00621699634939432,0.713552960194647,0.00373627979831003
-0.406323111616075,-1.8990929024294,-0.00935112223671901
0.472016629762948,-0.199011345393956,0.363074847018878
0.887182880192995,-0.0142093235626817,0.403733808772057
-0.452751115895808,-1.12653949018568,-0.103675700787487
-1.03177636303008,-0.342791083268821,-0.316387911883595
1.80191298294812,-1.80535326711833,0.00269234707193194
-0.953499918803573,-1.17058261856437,-0.0975840031506701
-1.34719031769782,-1.07059872336686,-0.0697329591720518
1.68082272540778,-0.463984066620469,0.080366098089422
-1.1310175806284,-0.24488240480423,-0.29639850822918
1.70567185524851,-0.921638435684144,0.0397647355546074
-0.162374655716121,-0.780129131861031,-0.0860509328587162
-0.0685832677409053,1.23297244217247,-0.0149262870001627
-1.06607478670776,-1.3775742109865,-0.0512908616597976
-0.231504315510392,0.459971725009382,-0.177581610188004
-0.945931667461991,1.33343494031578,-0.065322391124916
-0.521061442792416,-0.902124074287713,-0.176008993761221
0.910177491605282,-0.588608711957932,0.281112893307523
-1.83536227233708,0.842182334512472,-0.0310988676743331
0.507923515513539,-1.11894407775253,0.112202887660428
0.983852039091289,0.552595250308514,0.275379232094316
-1.74531819205731,0.474884578958154,-0.0662238856423346
0.887087656185031,1.23306680284441,0.0882845879613437
-1.80190621223301,0.877131028100848,-0.0324719146848191
0.802118113264441,-0.215610862709582,0.402370923581921
1.52447854261845,-1.60038543399423,0.0115206298362104
0.704602176323533,-1.09623692650348,0.128951160091201
1.20863779354841,0.1379374274984,0.27517772566286
1.47510988824069,-0.506196323782206,0.129580701662459
-0.463319168426096,1.11395348887891,-0.108078642996957
-1.61723128519952,-1.6106840884313,-0.00883508406137698
-1.71337005961686,0.490883710794151,-0.0714940140354163
-1.29901643842459,1.66929418873042,-0.0148110848301803
-0.803680084645748,0.991431724280119,-0.157647691542925
-0.872140584513545,-0.108329012989998,-0.402858852022024
0.998569201678038,-0.798234581016004,0.194806071623492
-1.83984150085598,-1.23487597703934,-0.0135650859074416
1.22096764855087,0.225858334451914,0.261288455843477
-0.820649125613272,-1.30686227418482,-0.0758487823779507
0.999833733774722,0.71905164513737,0.21939773745428
0.564217968843877,-0.126432731747627,0.403878259385826
-1.14948644768447,-0.193792750127614,-0.295360259816135
-1.21987729426473,-0.458153868094087,-0.223296386016793
0.656731251627207,1.1768693504855,0.10679995188205
-0.564148468896747,0.911890523508191,-0.178664480756838
1.74004084151238,-0.581488056108356,0.0600869917411424
-1.23566318675876,-1.56879379507154,-0.0229056960558518
-1.31518569029868,0.381522363983095,-0.201635261635707
-1.21064641885459,-0.737634781748056,-0.162250251176935
1.80909426510334,1.29812674410641,0.0127130177630311
-0.922276557423174,-0.514420565217733,-0.302361271633718
0.351653746329248,-0.366625800728798,0.271665676886547
-1.03832208085805,-1.68740602117032,-0.0204894369283952
0.825673324987292,1.76969659514725,0.018222128851878
1.50617143046111,0.245007251389325,0.14675217832183
-0.728723015636206,-1.11785479355603,-0.122812295349709
1.28797105606645,1.96196254901588,0.00522083290446176
-0.243564987555146,1.6245985776186,-0.0163911139340272
1.68797664530575,0.773111171089113,0.053748717237836
-1.54043599590659,-0.897010750137269,-0.0642158089825761
-1.79303134325892,1.15147597435862,-0.0191213332706611
-1.27577410265803,-0.959343043155968,-0.0998201211008501
0.791389838792384,-1.85376711841673,0.013613205075089
1.32561615854502,0.691062296740711,0.141855276438608
1.39059919770807,1.8464428614825,0.00664837617965331
1.93043504282832,0.386888553388417,0.040014362812137
0.309610608965158,-1.88965152390301,0.00791432015844907
1.71492963004857,-1.81619944423437,0.00334532306192031
-0.493668753653765,-1.02573582343757,-0.135100903866634
0.642182724550366,-1.88279679324478,0.0122748255836699
0.374046511016786,-0.0764537313953042,0.323314064020877
1.73888423200697,-0.39306051377207,0.0724418376613074
0.0780719928443432,0.906908139586449,0.034091693985093
-1.6303260307759,-0.141151609830558,-0.112016765168508
-1.96910078637302,1.54316917713732,-0.00376822190794269
-0.771561824716628,1.58986691292375,-0.0339684568452623
-1.15257308911532,0.441859378479421,-0.251159389279707
-1.30934343580157,-1.28078205045313,-0.0457182793119319
-0.559518054127693,0.842275091446936,-0.201258069620775
0.8724957825616,-1.96398894581944,0.00860941481537485
-0.55623166821897,-1.68821140285581,-0.0236114902244549
-1.55501618329436,-0.988868304528296,-0.0521073168675089
1.32700371555984,1.11151746939868,0.0663052373246117
-1.92661755811423,-0.0404571928083897,-0.0469944347028562
0.817678553983569,-0.169356981292367,0.407153102865711
-1.27421060018241,-0.527927384711802,-0.190140286856716
-0.92103901039809,-1.78706612531096,-0.0161768983548672
-0.314694199711084,0.746259685605764,-0.163312479056539
-0.55093632824719,-0.317879962734878,-0.367616669855465
-1.21174491941929,-0.987861352041364,-0.105174500617827
-1.70864102989435,0.818000640720129,-0.0472226852541849
-1.07214555889368,-1.17288901936263,-0.0858200243903012
-1.75155480764806,1.6748821483925,-0.00492874641469948
0.268291773274541,1.22673216182739,0.0554356463124213
0.480568481609225,0.105014944449067,0.377282987462586
1.0419591544196,0.734857112169266,0.205031611060729
0.482756711542606,-0.0747703984379768,0.380264920458547
-1.23943116236478,1.95427535660565,-0.00585341960098908
0.929203764535487,-0.647553443908691,0.257645073454864
1.24353239312768,1.65013117901981,0.0173988757512333
0.942895362153649,1.33264336362481,0.0656255640006878
-1.46563134435564,-0.783992256037891,-0.0925105123706791
1.40376319177449,-0.674528977833688,0.124135220953855
-0.439857207238674,-1.36671534273773,-0.0559839450673225
1.31503729801625,0.719593973830342,0.139001083125937
-0.996686505153775,-0.0179643873125315,-0.368975251832935
0.708150638267398,-1.76693085487932,0.0188994886203192
1.48461901582778,-1.99810463748872,0.00302344738575359
1.54490248020738,-1.03387513104826,0.0487689874506926
1.66974688321352,-1.27706407010555,0.020115286206861
-1.72873130626976,-1.58383931033313,-0.00708573904730793
0.117923524230719,-1.13965618051589,0.0317316354592857
0.633640509098768,1.2495154356584,0.0890050094899376
0.853762342594564,1.73731608036906,0.0201353216119686
-0.836191632784903,1.92989860475063,-0.0100255089629734
0.0529038114473224,0.107230944558978,0.0521528118019394
-1.58111362811178,1.52789368107915,-0.0125724171590514
1.51659345813096,0.583920706063509,0.108115796713885
1.51900336332619,0.223424713127315,0.143813870357979
-1.09663902129978,1.47457808349282,-0.0374500362858627
-1.89162021502852,1.73099354002625,-0.00263958926583408
-0.21234328020364,-1.88154552970082,-0.00588790921326607
-1.16856202948838,-0.409337257966399,-0.252253624991949
-1.16960131004453,0.244330528192222,-0.280550453204329
1.66703942790627,-0.562141261994839,0.0754734758928864
-0.0684369057416916,-1.70095282327384,-0.00377344402783745
0.808564103208482,-1.32190112490207,0.0732634222083279
-0.791647363454103,-1.82453913521022,-0.0151570753163966
1.02585694380105,-0.591728557832539,0.252335216995435
0.70203592069447,0.458413657732308,0.347577289553827
1.45800208859146,-0.110653903335333,0.171881961076875
0.146166186779737,-1.34651426039636,0.023342577007161
-1.89698740467429,-1.38587123248726,-0.00760512257891534
-1.14126722235233,1.25561470445246,-0.0641250679873524
-0.146077275276184,1.47710075043142,-0.0161346731343518
1.83457409031689,0.553674099966884,0.0466349625131212
-1.53961835987866,0.344785526394844,-0.127738868869196
-1.03512953966856,1.52447466365993,-0.0347009024192215
0.829668257385492,0.0173317957669497,0.416703993717923
-1.37100249901414,0.36979672499001,-0.1825273513514
-1.74151118285954,-1.20540172886103,-0.0196220509676877
-0.784096419811249,0.74950463231653,-0.241765345201615
-1.64083837065846,1.23833152558655,-0.023978247517735
0.626947687007487,-1.10503706429154,0.124797545422151
1.6556590301916,-1.04976454563439,0.0354719409640807
-0.814624138176441,0.70052160974592,-0.256822148074354
1.779626397416,1.13710639066994,0.0205750190837082
1.64207315258682,-1.7960249800235,0.00440000145942063
-1.13802329823375,0.942567732185125,-0.128190460464161
0.221540126949549,-0.328758218325675,0.189320574419951
-0.935840674676001,-0.119965709745884,-0.384235521853351
1.58191264886409,-0.626596843823791,0.0874719961239872
1.8101032981649,0.913944561034441,0.0296472858839198
-1.3778638727963,1.52922737784684,-0.0199104443450864
0.45209432952106,1.25934760738164,0.0754556580169443
-0.646782060153782,1.4591586496681,-0.0506297016275087
0.802018010988832,-0.797269658185542,0.22324264350595
-1.02791248820722,-1.20336169376969,-0.0839819474757603
0.884960900060833,0.34912293124944,0.35798849447599
0.736636721529067,1.08649752382189,0.131497038011036
0.475177798420191,0.971578326076269,0.147515117587733
0.0580580132082105,-1.20773842651397,0.0134561990880122
-1.77980537526309,1.25190642289817,-0.0156314112592996
1.21902132313699,1.19207726418972,0.0666025211268042
-1.62927829660475,-0.955236221663654,-0.0460104445415804
0.844904156401753,-0.540141825564206,0.309082110483749
0.855640282854438,1.11634327471256,0.118333564801075
1.16665856912732,0.908728502690792,0.130976682282801
-0.770682350732386,-1.27609710860997,-0.0835045545501711
1.73213304579258,1.94822906609625,0.00193716878923527
1.22089583240449,0.141690286807716,0.269529375973828
-0.0258866185322404,0.181754182092845,-0.0250286577029602
0.255702670663595,1.20893607847393,0.0555400859350466
1.93587280157954,-0.905693368054926,0.020094167185597
1.18990716338158,1.56371386256069,0.025041901144878
1.37105053570122,1.73305364977568,0.0103820464854908
1.46084809489548,-0.554516794160008,0.127129519022393
-0.57945819105953,0.632634541019797,-0.277576135002063
-1.47758201602846,-0.660635620355606,-0.107605764613615
-1.60693225543946,0.37157482560724,-0.105824608228844
-1.45172552298754,-1.88053525239229,-0.00513761166145979
0.255097973160446,-0.154169435612857,0.233411849832402
1.94097147788852,-0.157869645394385,0.0437569643642058
-0.245753079652786,0.935440573841333,-0.0964363926268051
-0.851839856244624,1.56461384519935,-0.0356500632742204
1.13867970649153,0.476422038860619,0.24815543029867
-0.340999446809292,-1.27361960150301,-0.0599489485756414
0.153910527937114,0.0490750558674335,0.149945910805358
-0.83604824077338,1.02773745730519,-0.144526860146608
0.103209589608014,1.73160604573786,0.00509189497130453
-1.98438439611346,-1.01722417492419,-0.0137431093941335
1.88393287267536,1.4506092518568,0.00660380867108589
1.44926092028618,1.65634255670011,0.0114156031289925
1.24242302030325,0.465153035707772,0.213756281079742
0.55017498228699,1.32916239928454,0.069468345086563
-0.393266482278705,-0.850386713631451,-0.163476845935175
-0.248559871688485,-1.7150084329769,-0.0123375543975132
1.88774451706558,1.27353154681623,0.0105663672489357
-0.827672679908574,-0.466950216330588,-0.335470221032546
-1.10811921115965,-0.291196318343282,-0.298179594434031
-0.510295826010406,1.35848434921354,-0.0621225502754142
-1.58278349228203,-1.51309240888804,-0.0130957540420475
-1.31167273316532,-1.72898755595088,-0.0118126993591326
-0.906287482008338,-1.24022462777793,-0.085613453459319
-1.72127610072494,1.95588336326182,-0.00193973248286534
-1.43213006760925,-0.506585131399333,-0.142493038634338
0.636000715196133,-1.50692076981068,0.0438113349031122
-1.12492641899735,1.21410427149385,-0.0726725894466428
-0.682461569085717,-1.48961926717311,-0.0465714113268745
-1.41107888612896,-0.284720093943179,-0.177665168583471
-0.682422569952905,1.79149649385363,-0.0172962344944762
1.84132122900337,-0.851427289657295,0.0300495099855549
0.698526480235159,-0.615253546275198,0.293681814695245
1.8027422260493,-0.778836728073657,0.0381146247785904
0.691477682441473,-0.65715619828552,0.278337727142178
-1.26164334826171,-0.274403830990195,-0.23820436796421
0.252989379689097,1.45156517159194,0.0288555525368693
-0.872254183515906,-1.88069777097553,-0.0118606880933658
-0.267013068310916,-0.12598898075521,-0.244723352790727
1.44416417367756,0.893647943623364,0.0807266857454866
-1.39407623652369,0.499397924169898,-0.155576946022981
-1.50170607678592,-0.736725210212171,-0.0915121681663764
1.94921227172017,-0.302706359885633,0.0398101134256312
-0.56223030667752,1.44338698033243,-0.051031478691815
-1.71389731485397,-1.09792845603079,-0.0272113533090895
-0.591589474119246,1.3853898094967,-0.0611622340471521
-1.98715115524828,-1.93486885260791,-0.000906621814536013
0.471129359677434,1.56390490755439,0.032699875543317
-0.882109606638551,1.60372102912515,-0.0309470543915484
-0.992054199799895,-1.75375645142049,-0.0171148159200196
-1.61512872204185,1.50826306734234,-0.012227306244893
-1.56761110946536,-1.2828321699053,-0.0259000574425808
-0.822696261107922,-0.538563143461943,-0.312844941107255
-0.876037175767124,-0.127409141510725,-0.400107917895912
1.33055275864899,0.386399341747165,0.195131686891211
1.14395526517183,-0.417673833668232,0.259605192682499
