"","sizeM","massKgNoisy","averageKcalEaten"
"1",1.92449229576197,96.0443750320657,2407.20754433999
"2",1.81890914115658,91.1015068007512,2473.44355392302
"3",1.4110594155942,70.699441296537,2388.99849933756
"4",1.68073565494633,84.0188184484796,2410.88575675365
"5",1.82378632345019,91.1561599761092,2493.4046584118
"6",1.82534651309825,91.3778768579544,2384.37181825218
"7",1.70822089145513,85.2757906771238,2407.11268345822
"8",1.80780858695147,90.2372149240287,2474.82952603978
"9",1.80229681233524,90.0213821994249,2518.00914154876
"10",1.84864840695433,92.4093705875725,2468.26027192437
"11",1.70667184385763,85.2058232547312,2377.72348989444
"12",1.82085113185291,90.8701040302499,2393.94760646461
"13",1.63843811578971,81.8701593898779,2400.83881189121
"14",1.80086935801553,89.9809973430498,2473.71534766953
"15",1.49146160114484,74.6675103220727,2335.55405333359
"16",1.71889117460802,85.9130218819304,2480.06240920476
"17",1.50410878413422,75.1707655839015,2363.21176858947
"18",1.70916692485481,85.5289906427296,2489.54145072987
"19",1.72443544039679,86.0495952771929,2382.39783961927
"20",1.80528570244611,90.2852455733159,2534.6921538996
"21",1.69830160414914,85.0690311175406,2386.86009053962
"22",1.79544841826593,89.8662441028644,2525.57381931345
"23",1.63332219645284,81.5243054521716,2389.76791542677
"24",1.56673893396877,78.5331196303219,2422.27909264856
"25",1.62961071083499,81.6105670860918,2373.65903913204
"26",1.80952590215436,90.6188327238179,2480.17200865563
"27",1.69995675892705,84.8948175950655,2370.83803598664
"28",1.90775131396916,95.3520644964486,2492.16163534418
"29",1.7575307234105,87.9147056015592,2500.06306621361
"30",1.45918101180468,73.1550808613802,2358.61792695936
"31",1.53332036824821,76.4787755122031,2335.50247375586
"32",1.77143490961554,88.6149625827496,2455.76093400814
"33",2.02473731256716,101.13563276691,2485.32884885007
"34",1.86510313897847,93.2653337361693,2484.88601333959
"35",1.64528075610773,82.0779183553166,2349.53425000875
"36",1.92791178176856,96.530855537358,2458.99255778643
"37",1.69896480845329,84.8299376541958,2359.53055763345
"38",1.77605319128196,88.6853231370504,2422.60827704809
"39",1.76875170010568,88.5381696160216,2478.95626279738
"40",1.70889483931031,85.439173635712,2373.8353404504
"41",1.50232451227564,74.9936265524829,2259.95656031604
"42",1.72404828410806,86.0817496070759,2382.95783040914
"43",1.59284577048295,79.4666386445544,2405.25413242242
"44",1.94025062922399,96.8168735301178,2506.8274686401
"45",1.79417606776172,89.6977893943718,2438.47171513328
"46",1.87632845389753,93.8619767961572,2443.74078957362
"47",1.5199978165845,76.0580684651367,2382.09481465668
"48",1.76970428222574,88.3885192952901,2487.81536034247
"49",1.69724321291304,85.0130432014755,2360.31383712057
"50",1.72903579073857,86.4165333276111,2487.57855359827
"51",1.66565605093259,83.3942834889049,2420.67739072262
"52",1.49605640403276,74.6304986241749,2335.09957600317
"53",1.70065686388938,85.103398198015,2377.78821789806
"54",1.83363360204163,91.5517721421958,2387.77733850256
"55",1.82907049050755,91.6270213103923,2477.04335059421
"56",1.5217197528819,76.0957568085865,2327.49789955316
"57",1.59656234989386,79.7015717891397,2421.98106441415
"58",1.60496820729648,80.3101165070445,2389.55699342459
"59",1.70721843073869,85.2818912825445,2463.43403722062
"60",1.64166700241308,82.1378913258031,2428.4463272483
"61",1.75377755706643,87.572452377471,2467.24568267168
"62",1.79074093174883,89.6353183617559,2504.36184567313
"63",1.46952824121612,73.420574398474,2332.54726631917
"64",1.89966290506395,95.1474422424336,2484.84872649888
"65",1.48064145839359,74.2313606475273,2390.7701436826
"66",1.8587799240133,93.1295784729822,2486.01268226472
"67",1.70124023940621,85.1128129574574,2400.05499747978
"68",1.58744472365839,79.2146882410223,2436.88013683423
"69",1.93327838201207,96.5063112156194,2466.09345014352
"70",1.63142451264203,81.6390887328686,2389.17975101977
"71",1.66541894518794,83.174290877872,2481.71337901414
"72",1.67704300723583,84.0044628367688,2428.45295479562
"73",1.83465849685009,91.7840367339976,2469.05797417312
"74",1.278995716104,64.1445102873115,2219.92089715376
"75",1.67054307774637,83.3831116716363,2402.13743158658
"76",1.80863780949285,90.4056268003871,2456.03521591076
"77",1.63958808264047,81.7911815902705,2386.71128156463
"78",1.8956260515217,94.6607311468024,2493.17558901696
"79",1.80366020890775,90.332127061804,2318.6589836398
"80",1.96003259642138,97.9481494783866,2525.54434866807
"81",1.94242361321717,97.1551184358298,2422.25907608961
"82",1.87292966733416,93.6555568255994,2460.65534873863
"83",1.62267752096352,81.1098203388586,2535.14299491361
"84",1.81581444551406,90.735944384235,2450.3869140946
"85",1.62994784292235,81.3378982772267,2399.01425161266
"86",1.7149282312381,85.5887938632023,2565.57248124146
"87",1.54683920884391,77.2727829286261,2342.66433818227
"88",1.67430396904823,83.7669115902056,2412.796605939
"89",1.90851183464139,95.575088353056,2470.64774943137
"90",1.7884721601421,89.6088878668006,2410.49821738172
"91",1.79190427802368,89.5552073783497,2430.05813121829
"92",1.80005911439947,89.9379601339396,2433.57292255617
"93",1.61013271195182,80.4115359425178,2379.91099930546
"94",1.92894463127321,96.497275802507,2506.58528309626
"95",1.57099429746636,78.6524332609553,2404.79542165806
"96",1.86677246962211,93.1597001187983,2444.53390036952
"97",1.77187579623397,88.7031543011645,2487.07748416686
"98",1.64680745167553,82.2396861741729,2347.70527867726
"99",1.75840638767258,87.8254810177165,2460.69060889602
"100",1.69441816975481,84.7506783728148,2383.22132045805
"101",1.5050189113612,75.412482306895,2403.54547222137
"102",1.72147603964754,86.1207949787121,2486.98369843282
"103",1.63850776427923,82.0146593912196,2464.39693978311
"104",1.69679021486134,84.9011237405506,2427.45250811532
"105",1.46828268823399,73.3737004314543,2421.6180361411
"106",1.67357018510198,83.5292356544834,2408.7332029173
"107",1.98320873340919,98.9936965876033,2494.20605980895
"108",1.93557451208967,96.9516728764897,2455.86515716525
"109",1.79471680598796,89.7417803334522,2485.79884666048
"110",1.5388544550099,76.8956631607773,2417.25958069447
"111",1.96436394940881,98.0421671421297,2440.64584998211
"112",1.68121855974589,83.9419403141462,2378.19540719263
"113",1.7966988384296,89.6953390821854,2436.30220942528
"114",1.88463883367154,94.1923291965253,2415.6836154716
"115",1.93308398256118,96.6290376262007,2460.29405111554
"116",2.00052894300291,99.9659187232486,2510.11544190024
"117",1.72279901221131,86.1556235006625,2475.67021829118
"118",1.93575185667995,96.8312683000656,2540.49722568352
"119",1.77050512321311,88.4629463426859,2461.83980438605
"120",1.41046508703504,70.558313650327,2342.59542305526
"121",1.85028464935405,92.5660170390556,2488.74618974197
"122",1.83548222267209,91.6161126452271,2535.87520915369
"123",1.63529036589065,81.7509522744016,2429.41528230691
"124",1.74884714669219,87.5521859371322,2461.80339235272
"125",1.93180705279618,96.6176296729332,2447.56503650624
"126",1.93013979686772,96.5728832583752,2460.0649655185
"127",1.71669025444287,86.0166053035534,2411.51389515874
"128",1.93135301801076,96.5607470316244,2525.206556605
"129",1.4391671680527,71.8725564406169,2381.89043952617
"130",1.85775718821649,93.0262804876397,2475.6254917163
"131",1.83082716829534,91.7359747416429,2473.28090518158
"132",1.75207000586602,87.4709809080824,2438.40250531977
"133",1.6121836229886,80.6305401302274,2468.41115461639
"134",1.70377125224146,85.2368330379251,2363.7430738355
"135",1.78325038597166,89.0916804351806,2439.76254558749
"136",1.65539365068991,82.707692994168,2389.52582328367
"137",1.7175831920331,86.0504786464088,2430.99191340149
"138",1.80140097051394,90.2063033367044,2417.00532325273
"139",1.90877909934811,95.5548893593771,2523.94209389891
"140",1.99625463687878,99.7687340945321,2471.91480203399
"141",1.69174129119003,84.6730567146325,2453.46583781735
"142",1.60786055270248,80.2569650903537,2416.41824377504
"143",1.75234976185356,87.8088013674412,2419.23406691491
"144",1.69692162683893,84.9308870605696,2423.33421155561
"145",1.66171983577949,82.926655754021,2414.69639595629
"146",1.46182838821078,73.0358977655148,2352.01310903425
"147",1.53198865115749,76.7387505055937,2367.94480494459
"148",1.98448209185401,99.2033471174848,2438.98474661483
"149",1.85902295877418,93.0697940568467,2413.6188273295
"150",1.70380144740694,85.3854224997833,2497.28954965464
"151",2.06479796343707,103.317525372766,2531.78565312931
"152",1.43137643320992,71.7281993224952,2276.96125622715
"153",1.953099973578,97.5420642134733,2586.27885150985
"154",1.47433698328082,73.8712268724386,2413.97532971538
"155",1.76884216699697,88.455088857442,2437.68782471449
"156",1.51272878736071,75.5251553446054,2333.77417010521
"157",1.62635197377952,81.3415794081997,2462.06083599452
"158",1.69505637289325,84.648048848809,2469.71579633084
"159",1.60931161988989,80.5400639581944,2373.84836389819
"160",1.91494138824394,95.897461064539,2445.19348936542
"161",1.91495654437774,95.6087880638845,2522.38926381486
"162",1.83262787533441,91.6971021732693,2427.39106153879
"163",1.67868581795122,83.9001233269402,2484.11516740804
"164",1.76046876061293,87.9210731919644,2454.44628168759
"165",1.56228076309639,78.2758575510804,2359.76710452693
"166",1.65306077839381,82.7679931413114,2452.30983323943
"167",1.77432191539391,88.7195872160714,2506.988472183
"168",1.64644301425497,82.4585625925187,2423.38533179338
"169",1.56937394597878,78.5748976083163,2420.86334109032
"170",1.92675309885993,96.427211279306,2467.24471203543
"171",1.86436580333098,93.0783111530277,2551.66379806835
"172",1.56066612339924,77.9444867194496,2353.53301869949
"173",1.35431175038621,67.8671455948764,2327.07149729207
"174",1.76187921174428,88.0705587243656,2428.54856850404
"175",1.76776877423005,88.4170719549997,2453.11614838576
"176",1.86516144595274,93.2796037870352,2504.60263057347
"177",1.8923054967167,94.7214699207719,2481.98169208896
"178",1.84750591617798,92.3451497743716,2425.40124447936
"179",1.85271621389766,92.7877714845744,2474.65435548112
"180",1.71815799991862,85.7251525937026,2408.31891453454
"181",1.74773079220332,87.3545376325661,2420.91903225727
"182",1.8352561058277,91.9330921172429,2507.19323156037
"183",1.67243716464676,83.6412077815831,2372.60896264131
"184",1.74336977697197,87.2409460033456,2401.1671465505
"185",1.76719331879944,88.3672160531547,2485.58975849745
"186",1.54902107885557,77.3439119416676,2431.09047636286
"187",1.66884552673517,83.5332141089654,2389.64445591965
"188",1.60438174187968,80.047074393937,2363.34827684161
"189",1.71410612045305,85.6152540730696,2470.19194415589
"190",1.69655977113893,84.6895005126363,2398.91394050945
"191",1.76991260780718,88.3711930160168,2460.61649209565
"192",1.92541637558563,96.353052967823,2499.29528586297
"193",1.54279202036718,77.0744938588561,2395.97821278402
"194",1.67075168353019,83.7345741512613,2450.42301472987
"195",1.67557047330917,83.5884146027049,2450.7714324531
"196",1.80381192105369,90.2745917817173,2401.6690715743
"197",1.79406077477457,89.5832203559254,2498.51631610367
"198",1.8040266330958,90.073966871801,2384.03489690668
"199",1.62764376699766,81.4892465083999,2456.21130775837
"200",1.82725062853192,91.5094750306109,2518.63266396901
"201",1.81808128754399,90.8890553641018,2477.22291540486
"202",1.78460298722966,89.2078676882117,2521.56071055512
"203",1.84559752224786,92.3789526692729,2495.62636628186
"204",1.7493105502849,87.3422391378952,2457.13310866371
"205",1.65515249597123,82.905570683363,2442.7670360078
"206",1.6915622862332,84.4842488250532,2393.46172246728
"207",1.75994101664244,87.8493704593775,2409.4831117448
"208",1.85168045701876,92.5258694335111,2389.55881133251
"209",1.72469756245819,86.1666123101586,2449.05445040095
"210",1.89637879801677,94.7467158602295,2453.26006218043
"211",1.80727015235599,90.4125847274195,2407.38131075774
"212",1.81200435761677,90.5344053769198,2399.48902434936
"213",1.65812626236936,82.7609394588871,2396.55244506952
"214",1.65946114674609,82.9462981199042,2441.44572984214
"215",1.57789892838894,78.8213441337451,2408.97351322146
"216",1.73992316560105,87.0420580899497,2449.73714378683
"217",1.69151063840982,84.4228800385057,2422.39501466588
"218",1.67726098152179,83.765297536051,2464.88428290787
"219",1.76035869224911,87.8244828863914,2400.60059686809
"220",1.85518508657163,92.8145969020677,2543.47482312397
"221",1.79289861529356,89.8363135324969,2457.00039388728
"222",1.4241167667613,71.4005951182571,2401.04570331884
"223",1.67775308559319,84.0547463711562,2455.29040416044
"224",1.69090632989772,84.5127366286483,2407.85010755803
"225",1.91870766538169,96.0116511465849,2497.35311081889
"226",1.79624048493399,89.7110659696009,2504.30709830319
"227",1.92149358003682,96.2425407882326,2537.49179268471
"228",1.90815419882999,95.449685179115,2462.25734621166
"229",1.85917268363721,93.0544270870083,2377.57329881089
"230",1.89904177297863,94.8109442004126,2527.57369057737
"231",1.59769150094678,79.91957504665,2369.02434402595
"232",1.89894085715144,94.9037263346795,2537.34585486787
"233",1.92358587550948,96.2981830158358,2511.29705042092
"234",1.80343557936309,90.2633063369345,2429.97129325269
"235",1.84532884239611,92.2583956911327,2446.5291453634
"236",1.79223271658911,89.5157381341266,2394.48981629283
"237",1.48446541250329,74.2098551729783,2286.71791542921
"238",1.94977603205148,97.3770885599981,2492.75153639184
"239",1.76063821988959,88.0839409984817,2349.02721743756
"240",1.65046531317013,82.5991425699566,2443.68865642626
"241",1.55779152549818,78.0851036205031,2410.83337421178
"242",1.69370091299783,84.5006338734535,2457.36160469082
"243",1.81144756591456,90.5143425948667,2428.03557904127
"244",1.54838777854329,77.2367885847757,2389.63063638592
"245",1.58031440631976,79.0546967527481,2448.45924957689
"246",1.54362153443174,77.005293622446,2353.27892897607
"247",1.70485488167595,85.084773618264,2478.65964236568
"248",1.93821443876101,96.7128332756641,2374.69677145934
"249",1.5853672954194,79.2559904823813,2321.38237087547
"250",1.77029697361166,88.3484757160522,2418.71546917515
"251",1.4685881280153,73.2686338440469,2361.95564250308
"252",1.81973679640119,90.9606099611953,2384.24887687294
"253",1.62894402905362,81.5526373240138,2315.00525826125
"254",1.5706181379034,78.5157662117801,2401.17970827977
"255",1.68022851461388,84.1633200928715,2416.97410950633
"256",1.66336478482534,83.3650421328716,2499.14057746067
"257",1.98689811443221,99.4427304405068,2523.8342641657
"258",1.43352732272533,71.5204117347924,2399.30902878931
"259",1.67787066516615,83.9390899253819,2420.95113712159
"260",1.67670116542849,83.8100013268232,2441.48111477805
"261",1.7624370457427,88.0732356494731,2422.49071709765
"262",1.99422619961748,99.901815858011,2475.86814140732
"263",1.7207267360668,86.1176065043513,2433.28958927103
"264",1.50249071122081,74.9730480003774,2316.41480853922
"265",1.92148385200044,96.2324234327999,2481.63157329482
"266",1.70011990707696,85.1703467308323,2438.25942393242
"267",1.69813010982626,84.8217079407615,2424.82010155897
"268",1.54831117623441,77.5119117106088,2351.04495790462
"269",1.81984011356861,90.8708841101047,2515.22699743435
"270",2.04322448011477,101.963309870562,2483.30272424338
"271",1.72397614668527,86.1424553299479,2467.26785233045
"272",1.59686468797771,79.7991468888884,2348.27247352936
"273",1.9872487263226,99.2927617795442,2535.49775967614
"274",1.64878392026988,82.4134639746722,2434.6796167618
"275",1.64577927114388,82.1554055332868,2394.6801181328
"276",1.46011781273498,73.1681822177464,2229.76760267686
"277",1.65241235963135,82.7777592044653,2405.82576123259
"278",1.55281076187095,77.788911092195,2399.01164309258
"279",1.83919185218152,91.9674535912145,2361.90611289373
"280",1.90240213980979,95.0312951076248,2446.26585892254
"281",1.92972283816413,96.6489229548167,2484.64602933608
"282",1.8056741858912,90.3680400086816,2491.75434062621
"283",1.99476446512912,99.8029778120164,2562.54029035114
"284",1.82620731708841,91.2128703403594,2481.98381819878
"285",1.94286977367467,97.1610413553148,2498.49817237164
"286",1.78569496570604,89.3375525068871,2366.3263899523
"287",1.90608198640913,95.4493797957191,2495.82376755677
"288",1.69016463080379,84.4085414675786,2327.0898655755
"289",1.72568803433068,86.4332415589686,2538.08731525249
"290",1.79846060704906,89.7331785445571,2366.97709885553
"291",1.66264779887865,82.9384141646118,2353.93937516968
"292",1.76707950137367,88.1613501508712,2483.51089759821
"293",1.87169988949825,93.6970105533696,2447.2214847205
"294",1.72896720972829,86.4484817675243,2459.37656970794
"295",1.48659871620456,74.5184109248938,2371.66707968034
"296",1.58096029786525,79.1061373658208,2373.49202354486
"297",1.71911572101316,85.8748876645114,2421.18970588294
"298",1.87581817693945,93.8041120599636,2460.89461647606
"299",1.87525109106408,93.8642324943625,2418.30209384235
"300",1.52985417733731,76.6228211820211,2294.0475260657
"301",1.58629200560956,79.2753313820729,2395.40933684905
"302",1.59051227384512,79.522243666409,2371.49875855343
"303",1.6530903914256,82.7464764098726,2392.62172661525
"304",1.94655611761181,97.2222457818158,2517.86768325811
"305",2.12664164495361,106.289383820204,2556.6410216425
"306",1.66261217835751,82.9541820963943,2386.07768217358
"307",1.77048142703495,88.327385049436,2438.52101678249
"308",1.83766599383721,91.9492249465332,2435.92657873818
"309",1.73974690923657,86.975295720065,2350.60642123556
"310",1.636848819565,82.0359912275322,2331.68114792448
"311",1.81105426753411,90.5083509948596,2413.21837458219
"312",1.77983804935157,89.0704706231764,2495.97621812277
"313",1.36257078378128,67.9507611197619,2307.70161282149
"314",1.612778129635,80.7730249923466,2403.02685862746
"315",1.92602639275998,96.1060891629309,2504.53858603131
"316",1.74914825500774,87.5641178285901,2394.80991457998
"317",1.72719185808425,86.3007191917549,2424.48879155114
"318",1.80287492801319,90.3390701241209,2454.9484205046
"319",1.81364652879113,90.7987676463767,2483.25288930688
"320",1.70057797045238,84.852223690681,2346.52793907688
"321",1.67027982083273,83.5591340416731,2446.14704313677
"322",1.62791095555463,81.4003364798992,2478.32201616899
"323",1.707859934207,85.5343670401694,2495.72699496105
"324",1.62409870574266,81.2774217541404,2426.03442991473
"325",1.73685831390255,86.9102803554052,2380.16370841628
"326",1.36793821246634,68.3430846020071,2409.04148466988
"327",1.53338595601379,76.5384505950021,2425.54144393262
"328",1.79924818716909,90.0738844284613,2409.16013869916
"329",1.93068243860569,96.4288423807009,2469.85920351406
"330",1.63803387360977,81.7232796809423,2443.74374239501
"331",1.77810225737356,88.9645327701608,2412.81152148611
"332",1.52171845046722,76.0575232669306,2451.87502215
"333",1.71697840306724,85.7020881399525,2412.10803196867
"334",1.95546363924467,97.8662919593158,2557.24413954527
"335",1.76684286237127,88.4708140941295,2370.86425447994
"336",1.81266398701434,90.7777652147173,2435.92581154666
"337",1.88507747984479,94.3580417043469,2463.0097506888
"338",1.83226169285407,91.5466987511355,2501.54936319821
"339",1.66663132709476,83.4150221268769,2462.94808498044
"340",1.75179307245576,87.6128653378791,2409.00880916165
"341",1.90987796575998,95.445264059516,2451.49884870437
"342",1.75813572960891,87.992878638573,2429.88081228241
"343",1.45726894070232,72.7923178463365,2324.79797112086
"344",1.57295806452757,78.8207764402653,2277.92390219743
"345",1.84091344016024,92.1209690621015,2535.6157994315
"346",1.70934615550228,85.658276019823,2349.24189993762
"347",2.05991726082646,102.831351603236,2496.16763495516
"348",1.68626779355999,84.1764911770617,2316.43000730053
"349",1.82974698671044,91.5699376060149,2491.01961835234
"350",2.14315880646068,107.195214078704,2652.3242425308
"351",1.74939835604055,87.3253635137151,2476.91725623818
"352",1.70621780139611,85.258014367536,2429.73965815075
"353",1.71999795915693,86.098346622355,2443.50839214347
"354",2.1164184946843,105.772376071553,2507.73584413643
"355",1.63508040483639,81.6623126262651,2466.54778879483
"356",1.75333889590552,87.7183693994649,2498.06160661825
"357",1.79021345002852,89.5979719525647,2454.18647358801
"358",1.69263771187117,84.7524554240395,2404.90933469793
"359",1.97235139584941,98.7830886667727,2527.39855730954
"360",1.84290432154182,92.0048477329222,2496.78490051624
"361",2.0151028999614,100.942936576076,2421.52095612798
"362",1.73005158106799,86.675241439977,2445.96208648385
"363",1.80410638152555,90.1736413467341,2566.39923683768
"364",1.86984920796986,93.6184976910477,2422.10797564115
"365",1.51090633782456,75.5763082822271,2364.67242718898
"366",1.47848369534462,73.9915120835227,2370.03196585326
"367",1.99028520876624,99.6523218417017,2603.52195989679
"368",1.76596921155437,88.4183883330889,2427.17506060131
"369",1.98564209757573,99.197537977442,2525.88823832343
"370",1.61730267252153,80.8641300775735,2397.90937995347
"371",1.7924457696248,89.524295267743,2444.65911206839
"372",1.9396153514957,97.1183292155802,2552.92689963976
"373",1.6598342838348,83.0351778514923,2375.9992351012
"374",1.72372145538524,86.013495860681,2462.55184726949
"375",1.59435924862995,79.6489941562149,2452.37991075981
"376",1.73094980447051,86.7380940350055,2461.70684700997
"377",1.89478687496154,94.702621612347,2446.36840643901
"378",1.68167504852178,84.0485742719407,2382.1739900215
"379",1.85561398372095,92.7137748887968,2471.55681817326
"380",1.77666814768861,88.7111172503734,2468.432788972
"381",1.88017818140342,94.1781561555856,2464.47760810206
"382",1.74397654611561,87.3239408044791,2420.58574253452
"383",1.67546647221294,83.8366334883855,2348.97719410826
"384",1.48733501160674,74.3252816720718,2443.57041193827
"385",1.57063496597081,78.6571688904276,2387.56651529979
"386",1.71928684873303,86.0724070761264,2427.6927784513
"387",1.59625185181739,79.6775202603909,2411.21294682033
"388",1.84494991962435,92.2877304517713,2502.02367075216
"389",1.68908703959503,84.6193400578352,2429.36540499671
"390",1.80534354455348,90.2372322969829,2548.05895871066
"391",2.072098711508,103.721621053976,2507.72849650658
"392",1.81129477591307,90.5049097618356,2390.9455792766
"393",1.66748393437477,83.255537577917,2385.84472201806
"394",1.87401268509019,93.6331849035753,2420.99526427501
"395",1.71796606074753,86.0236968413529,2449.61375593203
"396",1.68643308827614,84.3860624118512,2356.48417308768
"397",1.76441569201116,88.3026110680904,2365.83048403985
"398",1.67564780565262,83.9164779657052,2478.75864399214
"399",1.60203041329658,79.9464352616362,2307.5820750116
"400",1.91712865706849,95.8623281274637,2502.88447079841
"401",1.55315635283791,77.5590904785026,2372.52791671074
"402",1.86367861707918,93.2883182362838,2524.53672687909
"403",1.85621369322718,92.7668255436017,2510.06941674958
"404",1.60836172663299,80.4900475718403,2387.82852429221
"405",1.82536316653347,91.2709915956512,2552.46101373589
"406",1.91586200324704,95.9797354368848,2446.90663871343
"407",1.67480359358453,83.7514967315463,2370.3335708218
"408",1.95497709246798,97.5780280976924,2473.67504678772
"409",1.78328495301298,89.3615429757118,2440.11705722833
"410",1.84223099048417,92.3034767898634,2487.94770326177
"411",1.69676288560646,84.8317883263612,2372.2376480301
"412",1.71187089625924,85.6387308666439,2520.89294173771
"413",1.75739851475125,87.8670645660675,2439.07740620583
"414",1.78557068484193,89.4497932297689,2408.09871776842
"415",1.61419359594111,80.660520119915,2452.07942550391
"416",1.71668379187124,85.6574673208903,2483.57109347386
"417",1.79183851253625,89.4875547938103,2413.43937878893
"418",1.55210418037419,77.6393496723385,2485.34006805968
"419",1.74347152021987,87.03618580545,2483.17053381315
"420",1.73118217789044,86.6064498565333,2396.63509352677
"421",1.99461242172246,99.8983370716372,2558.82839290025
"422",1.76002546269311,87.9380146093918,2446.27013898018
"423",1.66100714173136,82.8951295410123,2430.8214009897
"424",1.72779304559599,86.2850870216618,2387.33037391049
"425",1.73450346203287,86.6192101067628,2407.71258138046
"426",1.81673559048251,91.0268667841521,2479.45341707043
"427",1.38079716564451,69.1921081597526,2389.83717473518
"428",1.83425044725032,91.6774521255577,2439.86173252114
"429",1.84503257343339,92.1809580628659,2434.23421995488
"430",1.64743096276168,82.1809434773312,2431.25953280563
"431",1.69277353732355,84.5529360959644,2469.98546757984
"432",1.67221011768381,83.6284405846645,2412.27931455309
"433",1.64328733616691,82.0282113284784,2512.02997203237
"434",1.51013219114466,75.4020077491547,2345.67964163109
"435",1.74930762477306,87.521893806799,2445.25582610806
"436",1.84908648330708,92.2954622309604,2473.39358309908
"437",1.86065126512661,92.8966280186995,2569.07131141138
"438",1.66755070863022,83.5023629897789,2424.10105938809
"439",1.7486440989772,87.3381294309448,2416.72279325915
"440",1.86213971930674,93.1882628230038,2395.08767645245
"441",1.68309178229387,84.2658571979791,2435.1478160499
"442",1.83822827459803,91.8729638627389,2499.03897690421
"443",1.85289416102238,92.7077071162463,2474.27438319171
"444",1.64625025767535,82.4350696321018,2423.51317853632
"445",1.72045060581236,85.9262746940772,2440.66945445157
"446",2.01638553128909,100.899976471604,2454.68050110491
"447",1.67870222319414,83.923476302127,2405.53341041261
"448",1.76082562161561,88.0996723311708,2357.65533784457
"449",1.67007205241673,83.6725331278221,2394.62314662243
"450",1.66362796169821,83.2950982140021,2464.95445690885
"451",1.78198967468421,89.2350840948798,2516.61881958159
"452",1.6424175825691,82.1036006430826,2391.35769413347
"453",1.77191532604668,88.7874421304517,2487.45464206281
"454",1.732065502437,86.5112814450723,2445.83572400621
"455",2.00675583406057,100.32794024408,2619.88533219901
"456",1.76633741177297,88.2157440875911,2422.30268768701
"457",1.99261665407271,99.7493011115496,2434.6495688117
"458",1.88673855838036,94.1890397356107,2432.55067620724
"459",1.6595623902299,83.0007839577855,2396.89006985901
"460",1.77245273951157,88.5044077331643,2501.03366425806
"461",1.47001418944323,73.545952529863,2385.40590878729
"462",1.75927069785392,87.913559502895,2447.68669306524
"463",1.77712738259315,89.021990947421,2459.58303148803
"464",1.7845000610651,89.2425826630624,2444.23891831001
"465",1.73658158498538,86.8874341713734,2491.41663457884
"466",1.70934162563387,85.392459391022,2387.18861670185
"467",1.67463119383399,83.5430007828681,2449.33685800042
"468",1.81627202507181,90.6150009481603,2404.6744670213
"469",1.83251794457676,91.6356836132976,2392.83558656553
"470",1.65027104567153,82.6513691964437,2434.66683083692
"471",1.55968220346715,77.8923200005272,2302.75321255273
"472",1.51776471078725,75.7377162305421,2390.90614136447
"473",1.84861005736415,92.4780970271179,2510.74931382869
"474",1.85276204207745,92.6638971057814,2461.37467270318
"475",1.7860121956294,89.2513422100504,2411.96626308926
"476",1.8203112238931,90.9661759126302,2516.65181130619
"477",1.68412028128395,84.3336869346547,2345.78655100087
"478",1.80178735814241,90.1192989252493,2410.98152073892
"479",1.34340217589897,67.1934171307518,2319.84050884212
"480",1.68163417717205,84.2000204827381,2505.20572851188
"481",1.58513897578222,79.2272714689324,2447.83416914206
"482",1.91687403551829,95.9426324792042,2469.22737420896
"483",1.68419585075294,84.2279251042143,2461.15637223642
"484",1.50433799010422,75.0997589360459,2407.53594948483
"485",1.27976224536544,64.153060497391,2311.31137973177
"486",1.70208226297863,85.259500836335,2389.00877560448
"487",1.49447947116224,74.5934559594981,2331.39135398587
"488",1.6842990602381,84.1607262911061,2430.5003202473
"489",1.91230726439385,95.5956315958268,2468.47171719951
"490",1.654371010042,82.6032676186983,2386.41305347927
"491",1.91113111038269,95.6732756075196,2581.73675665106
"492",1.90939039703344,95.4663060394475,2505.16024184939
"493",1.7207320258674,85.9255527978798,2400.89915234299
"494",1.84872732622056,92.2675104331554,2433.07601088067
"495",1.8597323373531,92.8744587264631,2501.84394582182
"496",1.65632949997325,82.8078226707077,2357.44962850537
"497",1.8913862311469,94.4002332977093,2423.2555665696
"498",1.60304083147913,80.1652285015619,2447.94534787457
"499",1.73117387917445,86.6159999694643,2468.32364542951
"500",1.86430455512091,93.3802147393597,2517.01865362285
"501",1.68610660083713,84.4811924282132,2392.31045333709
"502",1.59183092529013,79.7510564894706,2378.88895950716
"503",1.58606082486109,79.1769915392295,2423.60383264667
"504",1.53003077906145,76.5145939293121,2455.26179256735
"505",1.75767415155916,87.8561816820307,2450.69538740537
"506",1.9026857059488,95.1559598587541,2446.82725310877
"507",1.51781451093569,75.962718976743,2278.89597785323
"508",1.63809845880556,81.9829615634617,2333.99555885941
"509",1.71914001358087,85.8533501980692,2427.70677617404
"510",1.99549003243763,99.9330997091437,2423.10957571425
"511",1.87522402754763,93.8439787445412,2484.32404090685
"512",1.85675196174035,92.7817449283162,2427.32581176351
"513",1.7108739910395,85.409011822516,2388.85827850602
"514",1.97593620214651,98.9273163052475,2505.16762512248
"515",1.91678368194282,95.7132789310404,2493.94250014294
"516",1.65805907298819,83.0382559469943,2323.39045827148
"517",1.69531167161936,84.8525212849983,2516.43274806597
"518",1.72723789055787,86.5284777534902,2388.1843771321
"519",1.85814444791304,92.7632039467626,2412.37279280602
"520",1.7703766361793,88.566084149021,2464.31110162773
"521",1.55908686950777,77.9654008610045,2352.50006905642
"522",1.53706129625339,76.7000715889466,2279.94136801479
"523",1.61167123142792,80.5258129645018,2387.4521005901
"524",1.60927856936634,80.2991899826346,2413.72751163995
"525",1.99407209879242,99.7101289982387,2541.63990954994
"526",1.77707511901664,88.825573755053,2401.43589679329
"527",1.70663864925965,85.4842262004013,2398.71781983162
"528",1.7611909377701,88.0403692386832,2449.22563612222
"529",1.86627188602983,93.182342462968,2468.01853194732
"530",1.89461687760241,94.5310946769082,2490.04022299495
"531",1.99325810781087,99.7702342674896,2456.27523777082
"532",1.71506081518907,85.6201844574904,2449.45940790278
"533",1.72408447414003,86.0891329330018,2468.70783006214
"534",1.90517833909666,95.345302656616,2529.76865129672
"535",1.66410216311962,83.1068241904679,2379.81221694712
"536",1.47335207283269,73.5637710093311,2343.24765356753
"537",1.7866099738725,89.1500617529478,2445.62303266517
"538",1.83146908525677,91.4009114688829,2438.92133876922
"539",1.8019999453079,90.2010775175321,2424.68525027882
"540",1.74975329810712,87.5069374025593,2352.04859320255
"541",1.73504155222337,86.5894999208913,2481.13921659569
"542",1.7030458589613,84.9737569098715,2368.71567571511
"543",1.78492961814164,89.0611260961291,2502.28712549952
"544",1.70005732279195,85.0559110655071,2386.43906494194
"545",1.66390726969456,82.999949755273,2458.15163135297
"546",1.66877340612945,83.3289068208134,2448.47518201002
"547",1.66014981365947,82.8430062420656,2419.25353969468
"548",1.88560661424389,94.3477202037673,2452.44507709125
"549",2.0000143539521,99.8127054761496,2456.22435414863
"550",1.71185369404015,85.5626689108001,2441.87704128297
"551",1.70069656176174,85.031750239645,2449.26586780848
"552",1.85265321527742,92.4891535780136,2482.69894081043
"553",1.59643942990106,79.6340190883489,2321.97946114146
"554",1.84801931391222,92.229897068317,2458.0512027318
"555",1.4850567904274,74.3688323368832,2350.72587969989
"556",1.6540366393617,82.7174350648683,2448.49605034829
"557",1.77966929957234,88.9107626383943,2413.4390301258
"558",1.72890862756847,86.2689464855339,2510.43095913406
"559",1.65119031971187,82.6167675282138,2372.07811204311
"560",1.62193053828901,81.1819677671297,2451.29328078269
"561",1.75428788668743,87.634893361799,2497.2685732712
"562",1.92421289908749,96.2344369540238,2398.00862306437
"563",1.52165547079275,75.9586187453286,2384.02756219666
"564",1.67197039351012,83.515563378928,2461.89250750805
"565",1.8010923100509,90.0747320424032,2437.85939366506
"566",1.42734875233069,71.2687246620506,2377.55763173707
"567",1.60020980112047,80.0227646124443,2480.69905777174
"568",1.64228657834474,81.9633695647403,2440.00277736302
"569",1.82181270451974,91.1869411100352,2458.62234667648
"570",1.9140174291561,95.6910816620969,2514.89550896839
"571",1.7508677573182,87.5794360372998,2502.22453315475
"572",1.78655785382367,89.2301800886239,2477.10553771219
"573",1.83790436981627,92.0374419596087,2395.29223586402
"574",1.5459424551416,77.2275992617374,2420.13991634166
"575",1.64680884907941,82.217396016599,2443.71348460028
"576",1.57867587459769,78.9420133716111,2336.91266521671
"577",1.8365977358487,91.7714368202006,2395.64320553702
"578",1.98273885462287,99.1405639026514,2357.55632219093
"579",1.48449362686357,74.1434319755467,2418.10816797091
"580",1.80677071289579,90.3007451336137,2397.09787468624
"581",1.80506528219194,90.0928167172641,2448.33086115827
"582",1.80215571807112,90.0729409837962,2411.09356452393
"583",1.68363217683022,84.0690676952142,2414.85133040074
"584",1.78325247994017,89.2773825851028,2420.88092318306
"585",1.79864021020212,89.8805251951407,2403.0541032491
"586",1.53959609969449,77.1701684336757,2504.49920543902
"587",1.77948344708497,89.1251014735929,2318.56106596616
"588",1.83098697802867,91.6055906046529,2507.06289536386
"589",1.58070695681799,79.1276970762403,2419.42021016429
"590",1.82795919909571,91.5612444291172,2411.87403060791
"591",1.52042435215217,75.9302788533219,2355.93813596073
"592",1.81845680350117,90.9763720727785,2436.90488125761
"593",1.67967806781576,83.8864779830582,2438.93665549253
"594",1.86098007241391,93.1820261070206,2438.92027532373
"595",1.70807384168375,85.435463830931,2472.40956155794
"596",1.90908782158499,95.4644275141348,2450.56200050984
"597",1.86254577695753,93.2467272372856,2394.48425629076
"598",2.20549867489274,110.215747434502,2538.92046601005
"599",1.88072481976762,93.9704837386195,2453.34808319568
"600",1.79165425069934,89.7766081289044,2466.44496472901
"601",1.70299364620312,85.3254104919987,2400.05218154487
"602",1.64900318484999,82.5398765242025,2349.4709898615
"603",1.96935949530009,98.6217359718512,2547.11690320163
"604",1.7375709759327,86.7921999562271,2420.34056004529
"605",1.81335321449424,90.6827531434273,2451.36086204825
"606",1.66819568483492,83.4868426363716,2398.47317839735
"607",1.69252707120568,84.5974743693024,2491.58409823499
"608",1.86006768063666,93.081810896669,2500.3028652016
"609",1.6827671743503,84.0082419557601,2349.22307761787
"610",1.99932997084082,99.9265742919634,2505.59581653781
"611",1.77090523864403,88.3848879821041,2425.72951294017
"612",2.09953862764396,104.786976403319,2506.28076761707
"613",1.80422310213839,90.05482752123,2384.64946259993
"614",1.85206663903229,92.6288168099746,2538.77061230228
"615",1.81472363299196,90.6120358310962,2444.37318381995
"616",1.53941399651314,76.8257736084588,2370.90689931501
"617",1.64984970726334,82.5277107896655,2433.44534060108
"618",1.60411130662017,80.2750684193972,2412.6919942995
"619",1.61474182999519,80.772809897742,2428.25377770293
"620",1.58258129658382,79.1194468345583,2374.22899829314
"621",1.41348216867272,70.6811771688109,2341.1112717416
"622",1.78721129376251,89.3004685040544,2453.98829997147
"623",1.55437298737296,77.6005791638129,2329.08475638856
"624",1.87664393442,93.8322575972727,2439.80147940482
"625",1.38885029196931,69.247902121677,2361.64976671388
"626",1.5374509660204,76.9951940817435,2378.97961202064
"627",1.91907939545651,96.0497586351024,2460.44920429836
"628",1.92501269517554,96.4368677883844,2445.52029835537
"629",1.81003682002522,90.3238471378128,2385.06932443764
"630",1.4745953865639,73.7814608465465,2338.51869727144
"631",1.73257278232648,86.4905570142898,2399.30325443927
"632",1.67862147056877,84.0663590155575,2469.64671893618
"633",1.86033478620486,92.965491737344,2377.43181007333
"634",1.46797653186481,73.3054897529871,2382.77405377702
"635",1.89502538945884,94.923487491712,2500.1558193891
"636",1.59073702529643,79.6548780287672,2367.15128965531
"637",1.76370653355701,88.22520856551,2514.39122822182
"638",1.70663534610097,85.2106778844878,2375.14162123428
"639",1.77938792910438,88.9538321071358,2319.65880106824
"640",1.69772969859842,85.0105974763647,2436.38388261861
"641",1.76298173255138,87.9876265626589,2515.09905688479
"642",1.61544809332887,80.8558666489206,2392.37353275105
"643",1.73755317974964,86.8512013554282,2332.99940750159
"644",1.79700450634888,89.6925884901204,2415.29715661629
"645",1.89025979398928,94.4165806181687,2528.33602919284
"646",1.76950016121163,88.5946332321349,2387.74740520867
"647",1.52379347110392,76.0895883938492,2428.84555931595
"648",1.91216908449972,95.4219352565306,2556.83823020738
"649",1.80643480216974,90.4766048326536,2472.18648478192
"650",1.68042326887893,84.0853966718588,2375.4712604824
"651",1.94806314284567,97.3091882252267,2452.52207290168
"652",1.63098707048476,81.7038234518246,2377.29090513591
"653",1.75773265630628,87.994445620229,2455.12535085113
"654",1.832225209914,91.4372297517885,2499.07378913769
"655",1.48684670194471,74.3797711553282,2444.35764605797
"656",1.53868141438135,76.8179405917756,2301.4789461132
"657",1.81328968284226,90.8588571273453,2500.381766832
"658",1.69165467372149,84.6390316995718,2462.60468111235
"659",1.5767774517033,78.9881710438043,2407.80667337265
"660",1.89578847987458,94.6388790094631,2466.80606221629
"661",1.60371465724087,80.0269869450175,2439.31708143737
"662",1.87436446490065,93.7169547152334,2470.51525312491
"663",1.54116048334967,77.2406160899716,2288.39869643241
"664",1.80764523464521,90.3775556057161,2411.73755795806
"665",1.88329501371225,94.2686698573408,2508.87535723016
"666",1.591559856351,79.3901194058129,2281.55953396419
"667",1.75732650604305,87.7080220060521,2503.1332430211
"668",1.67311719938981,83.5570193595529,2409.6761648838
"669",1.58116168008902,79.1965442057553,2439.63583607815
"670",1.54418694761928,77.0773193228858,2371.38250132494
"671",1.75130521181735,87.5291947390637,2415.63750535772
"672",1.78044533991675,88.9797840968946,2513.72907316321
"673",1.74763786654238,87.4055294440447,2304.18392764561
"674",1.67422378892503,83.688757639311,2346.86494778805
"675",1.92858786798079,96.3582864738055,2514.67828154808
"676",1.66357395175122,83.0800922582971,2431.09758255285
"677",1.8205524041987,90.9589889216189,2482.87788425017
"678",1.67711002733805,83.7425969228449,2441.77370650512
"679",1.73806712899567,86.8678570284629,2496.00683870447
"680",2.02136720224047,100.945123284751,2462.23903523998
"681",1.56704687571868,78.4693373205919,2329.74430801242
"682",1.81287652446696,90.6247496701746,2439.93884809554
"683",1.88939791674575,94.5303876806226,2492.93912533383
"684",1.81178764010702,90.6684861569279,2454.6694923126
"685",1.78240468727125,89.2643823589562,2459.79178703297
"686",1.83797314981152,92.0985429189001,2481.12553779299
"687",1.86215156165666,93.1987525205905,2464.15418763723
"688",1.98975626084953,99.6273139382707,2508.74986809525
"689",1.9646226832882,98.2662890909075,2498.4552099486
"690",1.93283650695948,96.6384348151487,2500.6526709784
"691",1.53521370519397,76.7543711050773,2467.8516890461
"692",1.81400978317873,90.7860910373822,2494.09975147456
"693",1.70507644138924,85.4239598739293,2454.96421384699
"694",1.53923660434392,77.0926534978583,2318.28095977452
"695",1.63311295820094,81.6640765351574,2365.73645464655
"696",1.75481613288985,87.7112879314355,2431.637756571
"697",1.71960646924638,86.0130898272061,2509.0171182229
"698",1.58019669066709,79.0449826692063,2356.81650188021
"699",1.93700140380134,96.9423648294158,2433.43522919738
"700",1.92390255142176,96.3297809109025,2391.20155264696
"701",1.60461656001761,80.2312445525971,2382.80795541768
"702",1.7828010193486,89.3356497464899,2440.75534438791
"703",1.56457809253071,78.0703500196512,2411.33789288263
"704",1.7970896188106,89.7538963874413,2513.86059422179
"705",1.83000056488615,91.370944013814,2546.93223994033
"706",1.5149179943265,75.76905813732,2408.33492309819
"707",1.65940324890157,83.1490634874021,2288.27940518466
"708",1.43334359295666,71.4816643333996,2364.602653518
"709",1.70601456920615,85.3444476615631,2458.06333018209
"710",1.71613018576078,85.903769621357,2477.76603968754
"711",1.42517879386368,71.0923874064959,2332.65722447482
"712",1.67491929763973,83.7087559037134,2488.73305344344
"713",1.56213643931199,78.2516957482191,2392.23750552448
"714",1.68933642172199,84.4868945150358,2406.64621655301
"715",1.82452837118224,91.1842246007623,2509.02289612611
"716",1.80719963837619,90.4783836923625,2524.92092641737
"717",1.73726761572736,86.9311302918582,2457.12362035516
"718",1.91069928854337,95.3728104912708,2443.79353037089
"719",1.65605978174417,82.8113551256723,2496.16547205218
"720",1.71318672825063,85.799765483496,2484.11496029702
"721",1.51610808748031,75.6300649288232,2356.98943057089
"722",1.83031166453733,91.6959972115598,2456.999478584
"723",1.6781895523435,84.038960956924,2461.34032920097
"724",1.61736951960478,80.9827937703785,2396.38274874644
"725",1.70876990198811,85.5155443667905,2448.50582958958
"726",1.60324070730996,80.207791940777,2334.67176457488
"727",1.66414348180571,83.0535876180872,2354.99989698885
"728",1.60586814143718,80.2342263715458,2421.15752949577
"729",2.02807369060747,101.580857723824,2528.83707463146
"730",1.73095503993619,86.7276422243135,2416.84109992498
"731",1.75866556938654,88.1275080558425,2429.2865732164
"732",1.83713865247842,91.7541142257436,2482.87295658175
"733",1.88133694111745,93.8769832598063,2540.07463057835
"734",1.81662619276454,90.860097563135,2452.5138408596
"735",1.59452354154164,79.6423943718832,2434.8995632137
"736",1.53628740115367,76.8427101423481,2411.44531303058
"737",2.22419751994368,111.107109363312,2575.52847570712
"738",1.74575385492389,87.3601142424629,2477.7590085593
"739",1.88693648961388,94.4199820262455,2508.51154156629
"740",1.98933986648177,99.350471520147,2441.46656132338
"741",1.40905805257464,70.5287114511885,2353.86728101763
"742",1.8444653350848,92.0968808130698,2418.89233065376
"743",1.78197503862826,89.2106962466228,2451.836877284
"744",1.58763890613568,79.3065063750137,2339.3375612747
"745",1.6621912623912,83.0008874967131,2506.95635011895
"746",1.77621263386801,88.7566015556119,2427.57707808522
"747",1.85833882919062,92.9809114423191,2488.80004856493
"748",1.89754253956479,95.0451955906062,2426.97327337441
"749",1.80219384981478,89.9883456496385,2374.03246667441
"750",2.1379320504163,106.987288262511,2631.39944720859
"751",2.09794629003092,104.908090427976,2499.33033860356
"752",1.95404222208343,97.6006390601807,2442.66358264447
"753",1.79092046583898,89.6671101717683,2466.11642590145
"754",1.59032249492574,79.3678545603436,2383.10784190486
"755",1.71447024206322,85.8174262199868,2430.40669666108
"756",1.75836724829497,87.8153881948489,2391.5836941036
"757",1.71696767526637,85.8999830999204,2486.1572047655
"758",1.59809893606508,80.0980628752601,2395.59015255069
"759",1.83439675501727,91.8684712414593,2508.47150511608
"760",1.61225254731697,80.7276468020292,2410.60936970167
"761",1.595880208528,79.958798902498,2513.07280929514
"762",1.71440231902485,85.7535857723826,2355.56748197415
"763",1.98183458966339,99.0778952339415,2563.7434741295
"764",2.00106458685102,100.169720838276,2486.61470166002
"765",1.85994569223653,92.8820752892178,2458.8307992611
"766",1.55918888050186,78.0928264609809,2431.09950937984
"767",1.55060735287599,77.5101894774885,2387.99682497831
"768",1.74692717331782,87.4858869620338,2467.80539932612
"769",1.99153142614338,99.6484650550648,2551.52307645813
"770",1.81928139460738,91.0634932515673,2363.40045314332
"771",1.9778736750853,98.8918263798426,2490.23777499196
"772",1.86985972091535,93.4538141515001,2384.24521401155
"773",2.09972167588143,104.944695966191,2479.96579088275
"774",1.94922888808882,97.3752127742387,2537.59225736321
"775",1.95381197728683,97.7702362438203,2462.75817682777
"776",1.80675818407711,90.2081772464273,2395.62003093063
"777",2.07233066964522,103.58234436959,2363.27050853207
"778",1.76609326139507,88.1768145664809,2466.78174349732
"779",1.60708292705475,80.2040983190309,2382.87751450527
"780",1.63993650648044,82.0662421106591,2495.80152314077
"781",1.6006648787259,80.1497830937562,2468.96442401824
"782",1.63054104249462,81.6235310435777,2364.20544002449
"783",1.76719177695094,88.1838388911962,2481.35340452111
"784",1.76643062710409,88.4042731827221,2496.6945809652
"785",1.56369124232086,78.0807144831136,2327.86283994896
"786",1.90005704501601,94.8578280537179,2427.43753242595
"787",1.56251971629451,78.2729475343614,2408.40539504878
"788",1.81348998761529,90.7743502319684,2482.06091158259
"789",1.76478652040081,88.1772245818647,2467.02507180689
"790",1.87769522895219,93.7172755929283,2483.36207864503
"791",1.68788893293347,84.3583994422761,2445.99383616277
"792",1.88761618827608,94.2852980549207,2503.9840932233
"793",1.78733803560147,89.2445719756792,2435.45319335263
"794",1.87292958905414,93.5626321624297,2488.6642164502
"795",1.65874654543073,83.070801238366,2364.19477538617
"796",1.76265588261947,88.1500512386747,2523.11205150324
"797",1.75361305464213,87.493841278537,2540.52635568508
"798",1.76902728426507,88.3799783011221,2467.20996187978
"799",1.79745763104061,89.8705278735733,2375.31194881977
"800",1.76069981079435,87.9040300879991,2369.14456337494
"801",1.70227795156339,85.2546076854063,2423.27242524937
"802",1.64285693900858,82.2729078101986,2497.56996658084
"803",1.53050478775729,76.4711195049455,2472.60077942524
"804",1.91352599320923,95.8273461495474,2463.60836463047
"805",1.59782446007435,79.8991294021742,2335.03777288881
"806",1.78648170609781,89.3770116016311,2401.5935985607
"807",1.73455938975579,86.8604526835823,2460.81258238033
"808",1.88538234147777,94.4476542068519,2468.71254437768
"809",1.79734448235893,89.9807377101113,2469.98689487273
"810",1.76060536179179,88.0024168133966,2311.34319120217
"811",1.45320169855065,72.5800478020532,2346.06979517165
"812",1.8119364797326,90.7228292537022,2516.40726354942
"813",1.85255363075806,92.6445234228848,2358.11222554109
"814",1.79481107523832,89.7814284789281,2453.26860461033
"815",1.78570138724781,89.3242099576068,2459.07957270235
"816",1.69414078548402,84.5544758706541,2444.51114013704
"817",1.83004395437832,91.5835185991761,2571.42048755486
"818",1.77593788961163,88.9353208216977,2417.78849755112
"819",1.78130699022055,89.2145819241816,2521.59632385759
"820",2.00365397649666,100.157627589646,2459.48212583418
"821",1.6270090638013,81.1948205929504,2355.82181664727
"822",1.58706079912075,79.3260562381152,2346.1636461348
"823",1.54333881563467,77.0526755962323,2375.55756775698
"824",1.81519153734952,90.7662896566578,2327.91988496142
"825",1.83053324834063,91.3680606365163,2514.27269813749
"826",1.75628735818063,87.6763978197711,2391.17806414259
"827",1.85215674689012,92.4619801341422,2491.4285350363
"828",1.84493528272662,92.4351960089445,2487.86681117997
"829",1.73343212667296,86.7378600356179,2395.10548485331
"830",1.70359349742423,85.2477356978145,2378.27277788972
"831",1.69319802044543,84.8408372773912,2364.71946263698
"832",1.625237917902,81.4396577972941,2390.60516659449
"833",1.94652311100864,97.4911490989185,2486.05623751968
"834",1.81044009126618,90.4406140357666,2444.37708814332
"835",1.54601329666895,77.1067976544413,2373.41364140517
"836",1.67316370673224,83.6564670919103,2482.90728341535
"837",1.54479553900504,77.3351011403991,2412.66957543487
"838",1.72588779700651,86.1255734195523,2496.01085650645
"839",1.81279403788522,90.5341851283424,2418.11593898978
"840",1.65183228448217,82.5155280900174,2509.73257822175
"841",1.57802082089573,78.9334579638467,2395.86348921722
"842",1.94314760602003,97.1895691985815,2551.3814655237
"843",2.0103584424465,100.561852906752,2515.94082279909
"844",1.752638588442,87.4547764062181,2440.79667027377
"845",1.70478109557816,85.3609430630137,2539.0083314285
"846",1.86029340864928,92.9338589170138,2440.67796544643
"847",1.91341936140701,95.5641711982007,2491.4819690194
"848",1.89037916307936,94.6681150471986,2355.4554349717
"849",1.71424874797355,85.7457809330352,2533.43886112349
"850",1.7537233419364,87.6124785040583,2422.70165110833
"851",1.80799523882865,90.2736637874133,2481.88112327038
"852",1.88534679985701,94.4358774667151,2538.9031239682
"853",1.82842176544488,91.5029808627483,2457.51936893098
"854",1.83202244891063,91.4255147823248,2503.64976370949
"855",1.93508163105839,96.801847264335,2477.05687176825
"856",1.88792822739237,94.5595005681446,2464.60728536771
"857",1.90813240018727,95.3855316014296,2511.58343898062
"858",1.65357517991554,82.6176101483239,2434.7733620149
"859",1.43418770666465,71.6991349955312,2363.54024618804
"860",1.82663781320688,91.200894527702,2365.91953519888
"861",1.65212029215481,82.6419296168591,2336.68042604363
"862",2.07493077759907,103.549697858513,2580.94912119515
"863",1.82938330778899,91.5131795835913,2479.58241247662
"864",1.92802878455645,96.3573758214782,2348.45692898467
"865",1.77336427848082,88.516688139664,2440.83073719472
"866",1.87863180614693,93.8484985926476,2530.45304083314
"867",1.79602638024271,89.6712905795281,2405.84761298838
"868",1.74990184230398,87.4274327800811,2440.36953923855
"869",1.71411663299033,85.649660286949,2417.31582145896
"870",1.73539849557433,86.7410685601101,2483.15000104987
"871",1.67460933275496,83.7830506673891,2452.53110051849
"872",1.7559017239112,87.7611205618438,2403.53767911768
"873",1.75277576145043,87.5619711910737,2382.69272651231
"874",1.82641997176409,91.3244977107271,2399.2505064839
"875",1.86011023328167,92.8663427215501,2482.37494178696
"876",1.88232338115118,94.1587672296499,2483.63290412169
"877",1.7822514100599,89.2433653410655,2537.33219107375
"878",1.79430247438455,89.5379219153607,2466.30656303683
"879",1.81398313799184,90.5707734635379,2411.38869810084
"880",1.51504501793154,75.8139727807569,2348.27466382044
"881",1.53396634976147,76.5726126907163,2477.54078002197
"882",1.66468252246096,83.273460301764,2514.16741403483
"883",1.71714357538176,85.8863258538903,2403.56595931991
"884",1.77191607228159,88.442241538435,2482.63219259916
"885",1.73736864458522,86.9092186198261,2450.90049980908
"886",1.93931507644444,97.0365106540804,2435.96690013785
"887",1.60800428445654,80.5542564376342,2349.83485855567
"888",1.76132986527576,88.1160543034256,2447.97440093401
"889",1.69323789078615,84.8320263218427,2457.84303959107
"890",1.94680182902298,97.5043263807737,2536.59770032722
"891",1.72186947322166,86.110863770216,2440.0848822907
"892",1.7920126138943,89.5522772027119,2430.29099454207
"893",1.80092508457901,90.0862965637454,2432.71491192768
"894",1.69726927815093,85.0080828031963,2389.72321996563
"895",1.78597925078541,89.2169247616305,2513.15209889363
"896",1.72697569173981,86.2369993662635,2452.17064476829
"897",1.68154471468355,84.0236534499505,2428.21177891309
"898",1.67975375571773,83.8704824081251,2409.08132070704
"899",1.64921892085323,82.3963647045315,2398.28446121696
"900",1.95401199845129,97.890206060138,2520.41428911892
"901",1.79836843007645,89.7184445978284,2376.66082198856
"902",1.775647201723,88.5858949385842,2371.30400429834
"903",1.70442848880709,85.3857500649654,2487.25986808479
"904",1.57021133005395,78.3764836394972,2421.49515453014
"905",1.80030986057784,89.821923224723,2383.73078781851
"906",1.78755022393811,89.2056820708755,2457.69754204265
"907",2.05162882532682,102.658129932703,2521.24733313309
"908",1.70791741094492,85.2883205797226,2404.11980937087
"909",1.63720497331923,82.0201324037117,2408.48184060622
"910",1.68383423799322,84.2019230979724,2355.09963533525
"911",1.76342775820538,88.2339447866974,2385.46022125566
"912",1.8766653772434,93.6937359157474,2512.44111401701
"913",1.70114291440577,85.1256746835411,2406.57224458596
"914",1.62519930635581,81.2752807565976,2416.74741567347
"915",1.78895008972232,89.2522397427546,2444.83951918289
"916",1.77115375627984,88.5913534494286,2557.18310367623
"917",1.77775669597307,88.8817784239694,2416.94950796571
"918",1.75825014686314,87.7954718679699,2381.00356508572
"919",1.65657388806226,82.6464843479332,2348.90557331533
"920",1.83983368097149,92.1638238095192,2474.35433910414
"921",2.04476613213425,102.282445408276,2482.82231048765
"922",1.82986834918801,91.3972001893914,2401.58609642764
"923",1.70403264587249,85.1078788458683,2315.38570516948
"924",1.7684295331713,88.5537803420248,2516.72935195707
"925",1.71699809864955,85.991098774434,2532.7204785581
"926",1.66213968689548,82.9915122841461,2396.13309817272
"927",1.8931792402449,94.6314798650094,2432.91593728693
"928",1.8436680052256,92.3779604505456,2472.17434679728
"929",1.76591196546363,88.1685984723431,2417.7990680541
"930",1.73001464868045,86.3009474433433,2472.50401746521
"931",1.73553484457659,86.8597989990945,2449.19717136582
"932",1.78761076296144,89.394525475439,2431.92200665225
"933",1.81160551918993,90.5254329642029,2453.29336039135
"934",1.84994751410279,92.3135366468222,2396.98487357714
"935",1.76510589059717,88.2708390746705,2442.86399180082
"936",1.37050038035926,68.4894066048619,2341.36737317083
"937",1.78453111783597,89.2377154666907,2511.64406950164
"938",1.829157483463,91.6009806792627,2449.8252094921
"939",1.76050275604672,87.8820105257738,2413.87385130555
"940",1.78299320915274,89.2368342592976,2497.08828252596
"941",1.71771411260255,85.9490883933568,2409.66738128953
"942",1.61516324306092,80.7291454371991,2477.32070536999
"943",1.74811273205017,87.3548354761289,2396.28678756207
"944",2.04991580779546,102.403654129372,2536.22312903594
"945",1.94107871309439,97.2021642282392,2504.6284776021
"946",1.69037132437717,84.3940430774372,2368.26407974806
"947",1.74561537157347,87.1987266815145,2348.46797212811
"948",2.16639193019815,108.166647180349,2554.99208997281
"949",1.93737523476864,97.0124723855827,2508.01078609528
"950",1.9322980618171,96.5704826287535,2507.26672970763
"951",1.51910566856651,76.0126379858395,2406.52316746732
"952",1.83234472411938,91.4716344780624,2508.65400156577
"953",1.77177373243276,88.7493428949096,2436.91248956417
"954",1.77646456472963,88.936161435496,2468.13978201366
"955",1.70198980949312,85.1816367191521,2485.68811068817
"956",1.81245748043552,90.5868065368979,2505.34524414452
"957",1.90457225882685,95.3260039990089,2428.32741128751
"958",1.72358375124307,86.1817794427505,2440.31822891707
"959",1.72304022115939,86.2745144754203,2503.48749953236
"960",1.97694020098995,98.7389092188272,2435.37639800712
"961",1.60266093892229,80.3207187632082,2370.02588317818
"962",1.7497474247154,87.6302193317197,2468.66801272447
"963",1.76823475914154,88.4142441246119,2507.3626653904
"964",1.80474607600859,90.1771920286263,2460.39259625404
"965",1.6957080068148,84.7082238844004,2460.73927917678
"966",1.85044336201857,92.410446077423,2536.14206425689
"967",1.79212249228055,89.51117456475,2469.12820052814
"968",1.99937593750165,99.9796466324821,2565.28233314237
"969",1.59552275853957,79.7074245411804,2409.11032920034
"970",1.85632779611901,92.6715638316574,2406.50967641805
"971",1.78944598678961,89.5267835245913,2472.02123568565
"972",1.85710933035485,93.0266095239964,2516.01894350984
"973",1.64164130685812,82.1811970082845,2466.50046460021
"974",1.59970743565616,79.9089469456959,2385.58248513787
"975",2.07640245377628,103.688185910406,2463.50000776613
"976",1.7696677886544,88.387424068517,2427.49024452785
"977",1.73456213099352,86.6292584995882,2545.70097054469
"978",1.8894859799315,94.6344604088026,2434.93899095343
"979",1.55577385237386,77.6534530144844,2365.48348430131
"980",1.81719980885735,90.7814063074506,2477.75431806523
"981",1.8529244849801,92.6623890882725,2449.63571067075
"982",1.89800229470152,95.0950333780142,2451.03391375889
"983",1.96409059034973,98.2971273657567,2505.8472665882
"984",1.81163122822999,90.5621989734952,2466.81801934502
"985",1.65617750008552,82.9669651284618,2490.71815726054
"986",1.96666088341939,98.1924587031915,2479.92871348602
"987",1.69112272020248,84.6884932637236,2413.1094584687
"988",1.69288688654313,84.6689559523249,2398.95563458101
"989",1.82349322411895,91.0796776058675,2456.55417625448
"990",1.72793293724707,86.3069654239036,2382.20540113726
"991",1.47597433408939,73.8407143433728,2332.87140820959
"992",1.64522170734539,82.1928839562197,2498.67211779277
"993",1.59617422829343,79.9019736654862,2250.1278482097
"994",1.73722194299635,87.0473254115193,2465.98403015051
"995",1.68203582302277,84.0280735686335,2473.2513265524
"996",1.84234454914953,92.1662039621858,2415.94256334356
"997",1.81225038861023,90.4654876458953,2495.44040203106
"998",1.57933876405564,79.0890298832675,2443.46251460126
"999",1.84711040255014,92.2941491029955,2480.47693240993
"1000",1.64915787649175,82.6157477437619,2455.1014724441
