"","understandingOfTheProject","timeSpentTryingMins","qualityOfThePresentations","availableCognitiveCapacity"
"1",4.73923986403017,14.087393243013,6.3065508679973,"Medium"
"2",5.42744615921518,16.0702854122241,7.51294944284199,"High"
"3",7.05806900375311,28.8594845757287,3.93070097608861,"Surhuman"
"4",11.8849696222807,13.402642836057,30.2731845017852,"Medium"
"5",8.88088253809027,17.2783099904388,18.0750718679421,"High"
"6",11.1918666454689,18.3191971969584,24.5433354566338,"Surhuman"
"7",9.99652038768542,12.0383441232329,25.6557483684351,"Medium"
"8",7.77736595407075,10.2593416509741,18.9265020345904,"Low"
"9",1.4466522930078,13.2034352364865,-4.47483997695816,"Medium"
"10",3.37111960549857,13.760619809129,1.51664778585634,"Medium"
"11",8.62016759484429,6.22924659328486,24.3979746700262,"Low"
"12",2.72722484086761,13.3656874462029,0.229585614959799,"Medium"
"13",15.7300514357379,11.5104178302126,44.7790379260981,"Medium"
"14",15.3719509223685,13.2177057105951,42.1079749603585,"Medium"
"15",12.7867978220436,18.9479978577238,30.4852072086813,"Surhuman"
"16",8.32672926242862,13.5754861342921,18.3537188274476,"Medium"
"17",11.0211489165766,17.0747659014534,24.8003755059115,"High"
"18",11.6473722760039,17.8639400250465,26.971390610497,"High"
"19",11.8034868538077,14.9299963225395,29.6815437296781,"Medium"
"20",19.0135044329603,21.7789471001519,49.4226590337714,"Surhuman"
"21",11.8534498171347,15.8160427984706,28.3941130857429,"High"
"22",9.58518851345603,19.7943702487729,18.4677079101167,"Surhuman"
"23",12.4151544223908,9.92124241088826,34.2544501064251,"Low"
"24",15.970901628189,9.36332734371694,47.5963394540232,"Low"
"25",9.46406865647718,7.42810259207298,26.793309461489,"Low"
"26",13.2166628216535,11.085342486688,37.1343500420171,"Medium"
"27",7.97524308103041,13.376548825945,18.1102611637671,"Medium"
"28",1.3998559919015,7.82812941951102,-1.05321184577136,"Low"
"29",7.00043955768265,14.109747639343,13.6440817762736,"Medium"
"30",14.6659564270987,18.9567278330192,36.4112245205728,"Surhuman"
"31",11.9473555136519,12.4539932667589,31.4621743294048,"Medium"
"32",7.58469256780978,9.24215290908837,18.6507959955094,"Low"
"33",3.09663786547868,14.6289423109574,0.975117458076765,"Medium"
"34",15.8945911083531,15.9126183289617,42.7017229630493,"High"
"35",6.71430188276113,17.3171798264957,10.7007569105522,"High"
"36",12.9336384523636,17.8962449928328,30.6134661567287,"High"
"37",15.4404858407431,17.6881868742634,39.1918985296065,"High"
"38",14.7402062110705,11.1991269004833,41.6720034677053,"Medium"
"39",15.6606838190185,24.3188766726097,36.0719259294506,"Surhuman"
"40",14.6183623056756,17.8128198588682,37.4401142880321,"High"
"41",15.5984845436139,9.94223284750154,44.8384537912098,"Low"
"42",-0.655277362411641,17.5856872209513,-14.393917617777,"High"
"43",7.1851312894995,15.8000125546028,12.9336954847173,"High"
"44",13.6696419448137,21.3992432073579,31.765424531616,"Surhuman"
"45",11.3388062747496,11.4284799606502,30.4441574372137,"Medium"
"46",7.17484554340422,22.2371390085818,8.75677018820587,"Surhuman"
"47",2.0461892036603,17.7132891307037,-5.00336612624714,"High"
"48",13.197438462258,20.8437333272896,30.0875298220352,"Surhuman"
"49",16.9902533093304,13.5655759288413,47.0073573027228,"Medium"
"50",7.42497968936247,19.2552594406416,12.3617201262509,"Surhuman"
"51",14.1781945543189,5.79137296258094,43.4212298369036,"Low"
"52",13.8281533645311,12.6349573409166,38.0952454147356,"Medium"
"53",11.1021535088595,15.4307486063022,26.494609887673,"High"
"54",7.19447186290254,9.36635930426561,17.4925240323859,"Low"
"55",11.4716665304938,16.542016613102,27.4203843092981,"High"
"56",9.00188324519539,17.9581146753925,18.237254157351,"High"
"57",11.8830658950298,13.9854687340894,30.4832367898096,"Medium"
"58",10.0071655373678,22.6970827943058,18.3243620651957,"Surhuman"
"59",22.7700927355219,21.7732079959277,60.8079749563483,"Surhuman"
"60",4.16150327834917,5.55218484072778,9.59842660173466,"Low"
"61",7.89662175274884,10.1670997814004,19.4386993150551,"Low"
"62",7.28524090699561,23.746210904171,8.98862763739566,"Surhuman"
"63",13.490126578634,13.4775344094306,35.9968171090893,"Medium"
"64",7.25205583809954,19.5839807673772,10.508491350282,"Surhuman"
"65",11.5807680856268,17.4558835535999,26.9763145297988,"High"
"66",11.3512728538469,16.8513518755514,26.8918483209708,"High"
"67",11.8423000999734,24.6237370355243,23.2864964233611,"Surhuman"
"68",10.7971770261559,19.0597155749773,23.4007778178158,"Surhuman"
"69",13.5464363971215,16.1242618159702,33.8727486309241,"High"
"70",6.85339698486409,15.9220408860482,11.5954888489921,"High"
"71",11.4311555682839,15.8096203403123,28.0291905149384,"High"
"72",17.3658935790732,13.4470323790036,48.311827737156,"Medium"
"73",12.0895985091666,13.7354558974451,30.5626356462059,"Medium"
"74",6.04072702291343,24.4853977923166,3.34270665667849,"Surhuman"
"75",4.78312240802745,20.9811449962532,2.24818561515951,"Surhuman"
"76",5.75367653708434,17.7079991807232,7.65403465956102,"High"
"77",4.49624876299387,10.4959208274968,8.57189751155529,"Low"
"78",3.1611004617316,10.3039265866995,3.50007945924369,"Low"
"79",14.615371490122,14.9490123472234,38.1606140018752,"Medium"
"80",8.38298737756105,14.2621868313033,19.0968835094846,"Medium"
"81",7.21597991063234,9.11788197810354,18.5480491924179,"Low"
"82",5.68053805755662,17.1247490249852,7.29630625588293,"High"
"83",10.2915713311231,11.0896936549704,26.7019520006713,"Medium"
"84",3.53325515934669,16.3010095288978,0.344671586014163,"High"
"85",10.1779427857756,13.7914255505367,24.6584700017784,"Medium"
"86",7.12176189794214,12.8665720572202,14.6920223975577,"Medium"
"87",11.0210811572396,18.2098903709622,24.2802672916249,"Surhuman"
"88",6.4487687164802,15.5674680074073,11.6400404638317,"High"
"89",5.22373244541249,11.82653934626,8.92525258186284,"Medium"
"90",7.1839190933534,17.4599846599554,12.2910952850779,"High"
"91",3.08892295504553,17.936159230733,-1.05395214180871,"High"
"92",13.2864844578879,19.5338305468648,31.6982039534196,"Surhuman"
"93",11.1125353348682,13.3838289124932,27.7275619500781,"Medium"
"94",8.35371782592795,12.9557208478373,18.8609575502416,"Medium"
"95",13.2298499758881,12.5446380077105,35.3036568316717,"Medium"
"96",10.2758211644026,19.5487310541757,21.7993029718105,"Surhuman"
"97",-3.48741040282566,11.7481533771305,-18.8347246070237,"Medium"
"98",9.22245806263048,5.13718986423651,26.6543476852293,"Low"
"99",2.96404232877409,10.7722378800581,2.46148580322664,"Low"
"100",13.2848368035647,20.8800025070049,29.760642629746,"Surhuman"
"101",18.7345588088503,21.8120428905494,48.4502923418992,"Surhuman"
"102",13.3012860576952,19.0310944824121,31.6646663617439,"Surhuman"
"103",11.3537991710693,13.541045904505,28.6816560930246,"Medium"
"104",7.65748527316145,11.7656545707266,17.5971521734953,"Medium"
"105",8.05070964386032,15.1190107103692,17.379582059717,"High"
"106",5.38769843058454,15.9141010591289,7.06546635773008,"High"
"107",11.6748022303973,16.2342530014359,27.5909937766015,"High"
"108",7.39018948678803,19.9406894011242,11.5348310513213,"Surhuman"
"109",9.40986403966428,21.0309618770106,17.8181089584465,"Surhuman"
"110",10.973099420367,20.7076264987514,22.2091052596215,"Surhuman"
"111",8.04003783510621,22.521962467665,12.285472050551,"Surhuman"
"112",13.2475983635179,12.4551580773721,36.1956437202852,"Medium"
"113",10.0078512939366,16.4901973379942,22.3981866653656,"High"
"114",6.42476529072209,7.02399026854049,16.9768084039031,"Low"
"115",12.4485317127017,9.46766369351275,34.6881951048969,"Low"
"116",4.36284565250565,13.5106975579451,6.17510888749049,"Medium"
"117",14.0497832905573,22.550244223681,31.8776221953072,"Surhuman"
"118",-2.60688627351155,12.0521857534782,-17.1721687664779,"Medium"
"119",16.2248576162688,15.8611252339985,43.5878535848841,"High"
"120",8.15413712617215,11.2059635234592,20.1554365438436,"Medium"
"121",13.3070474034702,13.9293778902856,34.7921965762863,"Medium"
"122",5.64752869797461,21.5917136461199,4.17917255505154,"Surhuman"
"123",18.9465121494874,16.2033026252464,51.7708949008883,"High"
"124",18.5451439088073,8.5483218421551,55.6138292740359,"Low"
"125",12.7284582696667,18.7077673352455,29.5321459604954,"Surhuman"
"126",9.57985983321068,11.4429365474605,23.7375185536181,"Medium"
"127",0.109502614296431,6.01315328446156,-4.03804150230694,"Low"
"128",15.0408162457824,8.02237826337448,44.9106733588764,"Low"
"129",10.7519451039773,11.7688237071167,28.3766234438546,"Medium"
"130",5.57049595522895,20.7584577999496,4.97659430666251,"Surhuman"
"131",0.778275152090138,10.5689925525982,-4.36728300612019,"Low"
"132",10.4725228432435,12.2768807538406,26.6159082637295,"Medium"
"133",8.52588743688885,12.2587028105812,20.7125366139605,"Medium"
"134",3.88025965873467,22.0958002619821,-1.99789465418912,"Surhuman"
"135",12.8720047302746,12.5403397674633,35.0978632641412,"Medium"
"136",6.01789958885007,12.949017389381,10.9846870636705,"Medium"
"137",11.3943567544835,16.3969563325039,27.5375549267468,"High"
"138",-0.42118813769288,9.64273579574513,-7.9346667287505,"Low"
"139",14.1721420987062,15.4918056921349,36.8343008885988,"High"
"140",2.53081576437917,12.3391965011991,0.0621530378673915,"Medium"
"141",8.94077220811353,15.9961924587329,18.6042761168423,"High"
"142",0.858125964080135,8.09530860120451,-2.90470484292401,"Low"
"143",7.11870469019796,16.2953213686663,12.3903626941112,"High"
"144",13.2107292847955,11.5542615283208,36.567912011246,"Medium"
"145",4.12376870653146,7.07297006812947,8.44066440095225,"Low"
"146",2.17150065080975,16.509213818562,-3.93621743983306,"High"
"147",8.37933548731608,11.4762327638189,20.7565318059312,"Medium"
"148",4.56318888020567,11.0692147983574,7.52097101143672,"Medium"
"149",9.31257081790309,18.8110479449929,17.9568846082403,"Surhuman"
"150",7.19158253334265,19.1209830000108,11.1457543754235,"Surhuman"
"151",11.8516482503791,13.8602429427224,29.6279339563352,"Medium"
"152",14.4911442622176,9.31078662357184,42.5822799657375,"Low"
"153",11.2717534310121,14.9439417213484,27.177184034658,"Medium"
"154",1.44461408201972,6.04072855041367,0.506996279588434,"Low"
"155",16.0637865686738,16.1238931310168,43.4601677857918,"High"
"156",4.82405900959865,16.3712352843114,4.68387497181747,"High"
"157",8.00445418205778,20.8596905351768,13.2036446382722,"Surhuman"
"158",-0.598803617408993,13.6507971839663,-11.3835006643327,"Medium"
"159",4.09713240259206,20.6284247874751,0.453445372850295,"Surhuman"
"160",5.93387118904655,15.7164609625093,9.75525789790461,"High"
"161",10.1237610799469,13.9841821084953,25.055654204319,"Medium"
"162",6.18030404213013,17.7448822865456,8.64585751719534,"High"
"163",11.2772093373551,15.6176157420085,27.3409284913613,"High"
"164",14.5191184709499,9.26944961525955,42.3900939527181,"Low"
"165",7.16726780029209,13.2353348330349,15.4308542184139,"Medium"
"166",11.2432391792387,16.462991547017,26.3379936129659,"High"
"167",9.54385404786074,1.45202536175436,31.3707521724045,"Low"
"168",2.65642696208459,15.9589663650345,-1.84901464481489,"High"
"169",16.8086806503769,28.2619602912757,36.9460856522594,"Surhuman"
"170",15.6760902143434,16.469561921056,41.2137394122733,"High"
"171",12.6625514832047,17.2892485113043,30.7917409605865,"High"
"172",2.32140128525467,2.09498375793755,6.38252166741105,"Low"
"173",2.85250196406889,11.9331991053621,1.33863575617969,"Medium"
"174",17.6546297329036,18.5762794662546,46.1452976114632,"Surhuman"
"175",8.28190887955884,15.5553849403855,17.7186786633511,"High"
"176",15.560910255408,22.6756704654534,36.9321848888021,"Surhuman"
"177",11.6778163767402,14.7791896989096,28.475561404254,"Medium"
"178",6.89410680480034,9.1229507341388,17.0906040855679,"Low"
"179",0.896901864642794,9.09245194294085,-2.49276197757142,"Low"
"180",10.1099425357583,27.3783091600683,15.925863128673,"Surhuman"
"181",7.45090176728726,17.103684403539,13.2259941903148,"High"
"182",9.08723885665392,20.9625001027494,16.6878783991001,"Surhuman"
"183",7.8174767812835,14.0429497570475,16.5269078082048,"Medium"
"184",6.35417370568276,11.919812725719,13.1388504349386,"Medium"
"185",10.7424414223345,8.05742006852667,29.8337124257281,"Low"
"186",6.28085595161264,18.3183063091447,8.35543843939742,"Surhuman"
"187",5.02213096993148,8.11630915496333,11.5923456061677,"Low"
"188",9.67954378994569,7.48524205255474,27.1036786293792,"Low"
"189",14.6790375367522,14.8116544898688,38.7583888750365,"Medium"
"190",9.41684310696595,9.10116840730857,25.7769470415279,"Low"
"191",8.11798930907018,5.5689565852614,23.5087293737457,"Low"
"192",7.87011672599249,15.2499591476779,16.3982029002453,"High"
"193",6.28384727609091,14.3770241532747,11.4797288426553,"Medium"
"194",5.65408896338888,13.4592608826401,10.4941813816746,"Medium"
"195",4.58706805993941,10.7963242599859,7.50614453886008,"Low"
"196",8.49490920301377,7.92645639711091,23.3992557389671,"Low"
"197",11.946790506352,22.7183819824227,24.7823239745239,"Surhuman"
"198",8.70155919713083,13.8607114659563,19.3661686911326,"Medium"
"199",8.6652229390119,15.5498627369961,18.4686436310625,"High"
"200",10.0788126916309,14.5129463388904,24.2524739158007,"Medium"
"201",11.2954599152739,16.4793895742965,26.1085629275775,"High"
"202",21.9336972628842,18.7472946107192,61.0943794829066,"Surhuman"
"203",7.15151783365615,12.6433479821705,15.2181037624366,"Medium"
"204",12.9585810494923,22.056070131655,28.3002473309843,"Surhuman"
"205",5.63074673597074,13.6614304660202,9.28323101611356,"Medium"
"206",17.5489538451545,21.7867311254833,43.9926549322071,"Surhuman"
"207",8.00596924475169,15.0940663158544,16.1549369318259,"High"
"208",10.5795389946922,7.56882580927276,30.7108702291502,"Low"
"209",17.5725616113149,22.5244376012482,42.9356594367513,"Surhuman"
"210",6.79829817820246,12.3496062048358,13.9800827383579,"Medium"
"211",15.5462034330934,16.1158862901663,40.853910065594,"High"
"212",10.633439082094,14.2725188576684,25.3251358290485,"Medium"
"213",1.96215578479627,18.2585955619418,-5.46311502354918,"Surhuman"
"214",15.7140739202382,14.1268989575623,43.164344778769,"Medium"
"215",6.52173460166177,20.0337854744354,8.98033637753122,"Surhuman"
"216",-0.595025384914352,8.08826893868794,-7.28357711456129,"Low"
"217",10.2686623020817,16.4495315282876,23.2782572490828,"High"
"218",2.00904965782901,5.89210865477089,3.27894159551676,"Low"
"219",14.8384882571555,15.8581904918458,38.9221932938629,"High"
"220",-3.39205133607163,1.75645411375447,-11.8325265825113,"Low"
"221",10.7176308221277,25.3827487873705,18.6133864124399,"Surhuman"
"222",9.69901169664952,12.2048120703839,24.291649595063,"Medium"
"223",18.579539794514,14.7824577093487,51.4431681218069,"Medium"
"224",5.4890181174614,11.3986581332176,11.0130318766129,"Medium"
"225",14.5041589708947,18.8941375799861,35.8152085610546,"Surhuman"
"226",2.47147986491568,14.0520525410156,-0.905810912242054,"Medium"
"227",7.14710824045784,23.4503237123023,8.7011483935236,"Surhuman"
"228",5.52946300611482,16.4537945963324,7.85862398740141,"High"
"229",1.76469555574624,15.9108148404548,-4.59063903798537,"High"
"230",13.7355011162026,10.5746178151768,39.2944438571458,"Low"
"231",13.3684055548703,20.9642832608077,30.0622999863568,"Surhuman"
"232",9.04095965801565,19.6316765446182,16.7326817806465,"Surhuman"
"233",8.58109306341721,19.5995512304723,16.0661726270168,"Surhuman"
"234",9.51450966207434,21.8989603891995,17.1419591357955,"Surhuman"
"235",5.63933823065213,13.9077574543923,9.15170775436985,"Medium"
"236",13.2808154357319,19.2821839167187,31.2575858647684,"Surhuman"
"237",15.7339985030047,23.7443485503069,36.0014788080314,"Surhuman"
"238",14.3590644644947,16.8562708022036,36.6956326816879,"High"
"239",6.11878890642464,11.2073982643501,12.3120654362684,"Medium"
"240",6.85966969748716,8.24898170755248,17.551055412601,"Low"
"241",1.93426257630346,19.1746250996013,-6.45639284022582,"Surhuman"
"242",11.2360616223511,10.1132240551627,30.7883330839916,"Low"
"243",0.374082111199481,13.3184394061494,-8.19210116457607,"Medium"
"244",10.7633521392173,15.1204911761601,26.2735374661914,"High"
"245",8.92853629255783,14.9913837237027,20.205873938795,"Medium"
"246",4.53291776844873,9.52344305832775,9.16517568377879,"Low"
"247",6.21736656309245,13.9630302587596,10.9759906673493,"Medium"
"248",4.38934198343703,6.75663728519525,10.7810159242185,"Low"
"249",8.14823593704478,3.49420793906063,24.5162994620712,"Low"
"250",9.13847192253025,10.725023536585,22.8105100087427,"Low"
"251",9.97336195082866,14.2810499328778,23.8854272343289,"Medium"
"252",12.0963472092902,9.96306387804062,33.2951871750673,"Low"
"253",9.45366560834829,4.29164366975255,28.7504018297119,"Low"
"254",19.6488028945856,16.9740684809661,53.5887242408413,"High"
"255",13.760062685862,15.2072432849346,35.3334914828226,"High"
"256",10.1057604502877,13.0102258576175,24.9719293278857,"Medium"
"257",6.43302989240872,11.7786325162441,13.863556499214,"Medium"
"258",12.868772606837,25.3112712598801,25.9522854202672,"Surhuman"
"259",10.7875026583842,9.01566047563088,30.6033640512717,"Low"
"260",15.8227265979313,13.0906211790971,43.8499427828588,"Medium"
"261",12.4704598198902,14.6804342215346,31.1314666770993,"Medium"
"262",-1.15573274368628,13.5376052526811,-13.0661171034704,"Medium"
"263",14.6078306699496,18.3488277465696,36.4050398452274,"Surhuman"
"264",2.47011786760386,18.1465818904602,-3.96249541370092,"Surhuman"
"265",7.89648158621921,16.2726941733823,15.7228335686806,"High"
"266",17.8860119293431,18.7613825097881,46.4561431464874,"Surhuman"
"267",12.5922288523221,14.4184462234315,31.8314382836817,"Medium"
"268",11.2858899505346,19.8028807003769,24.2056354380986,"Surhuman"
"269",10.7887632334612,20.1229549486373,22.8440695132962,"Surhuman"
"270",9.17830892955,15.8097649468682,20.2708577738398,"High"
"271",7.14303714019303,12.2774779684684,16.1667859008348,"Medium"
"272",8.25733072511021,15.0148903367514,17.5876447846567,"High"
"273",9.20210088336664,13.0730728748496,21.5592786131208,"Medium"
"274",13.7573848209099,17.6980053804747,34.5424257215581,"High"
"275",12.3455866359136,10.5679715112622,33.4488166306769,"Low"
"276",1.15649912109192,11.8635901391598,-3.70449997828144,"Medium"
"277",10.4222242647555,24.5805374828116,18.2215486418355,"Surhuman"
"278",2.53291298121768,15.2730691720863,-1.82109026361527,"High"
"279",2.52113644955408,15.3091136849683,-1.15707532374563,"High"
"280",9.97408376370384,12.6958541515314,25.0586927712817,"Medium"
"281",12.8558772167897,1.09388385878415,42.1284239109631,"Low"
"282",3.23960846448909,17.4084658623031,-0.999145442929863,"High"
"283",10.333685370222,23.5558496747384,18.712625735252,"Surhuman"
"284",8.75903111328208,14.0319736605047,19.6741767238149,"Medium"
"285",-2.70973813472917,23.3504799627903,-24.8421030434184,"Surhuman"
"286",8.30137746797032,18.6838853473623,15.1612002595458,"Surhuman"
"287",2.53687891128288,16.9055522566623,-2.36238653675717,"High"
"288",7.03909456023324,13.5855326181412,13.7876824985894,"Medium"
"289",6.93585275091847,14.8835119027143,12.5937128746181,"Medium"
"290",13.7588860933131,18.2456559818424,34.1255945729036,"Surhuman"
"291",9.41311368661538,15.246346364462,21.7217132003453,"High"
"292",2.26707871219542,14.3315877434553,-2.21708176940197,"Medium"
"293",3.89626206685729,19.7348420484975,-0.567392077147147,"Surhuman"
"294",12.6288254742644,10.2445259042126,34.6028058073592,"Low"
"295",11.378607064906,6.54727693525382,34.2284754353664,"Low"
"296",11.8154103121166,12.5359505116286,31.0202088488097,"Medium"
"297",7.97149129292153,18.9778320369797,14.4991169288481,"Surhuman"
"298",10.5382807256906,12.6109890675674,26.2517474189908,"Medium"
"299",8.4784745634147,15.6883280497315,17.2646793606155,"High"
"300",16.6502909144848,21.184806785516,41.129330982628,"Surhuman"
"301",12.1582443815985,18.1517391806753,28.4664034794061,"Surhuman"
"302",8.7600739606576,6.3229265066394,25.0829305646941,"Low"
"303",11.0711435501012,12.4557448476856,28.5017538472545,"Medium"
"304",3.15087257089755,6.97009688742884,5.96508046361984,"Low"
"305",8.84870038916881,22.79320258388,14.2408363733821,"Surhuman"
"306",10.8616490349171,12.0661379578666,27.9689727323025,"Medium"
"307",5.95476758197595,8.21527299767312,14.8244197974944,"Low"
"308",2.71618387937708,16.4845360253059,-2.26214542320428,"High"
"309",13.2755089913237,18.438774279632,32.3440650291896,"Surhuman"
"310",8.39906583796627,21.4823818894919,14.060514337931,"Surhuman"
"311",-0.887874686885386,7.65201850854258,-8.3616961402464,"Low"
"312",11.8426554050646,17.5530282801129,27.5672926415228,"High"
"313",14.3663917411386,19.328626015344,35.3239561244932,"Surhuman"
"314",13.2373019926307,17.8526917863352,32.4764679276454,"High"
"315",14.2926151684832,14.2908800671789,37.4800428392915,"Medium"
"316",5.8815861338769,9.71816393255853,12.7554881002345,"Low"
"317",11.770596334739,10.038832341722,32.5767686005193,"Low"
"318",14.7949014833841,9.11912059857906,43.2034953969539,"Low"
"319",13.0622978210277,9.30702835930195,36.8067422744329,"Low"
"320",-3.76989358294358,9.58230213543444,-19.2734469558417,"Low"
"321",6.6558135531628,8.3226016051698,17.1061641213324,"Low"
"322",7.4231109738996,9.69948923476869,17.761562078594,"Low"
"323",7.95710429104094,18.3170662612989,13.9374722685459,"Surhuman"
"324",16.9968159738122,20.5655128617145,42.3820859786338,"Surhuman"
"325",18.0232007089704,16.2489275864778,48.8993506730171,"High"
"326",6.25861112292057,12.4468661021121,12.5679898442647,"Medium"
"327",14.9922256813084,7.26429836986717,44.8531996207916,"Low"
"328",11.2171367126112,18.9837913164767,24.8122063106506,"Surhuman"
"329",6.55562592951396,19.0877683645016,8.92435175074928,"Surhuman"
"330",5.94885574997279,15.3352973157447,9.27390098202571,"High"
"331",4.28009022180434,18.7019099596399,1.51355524819119,"Surhuman"
"332",8.90141752006997,11.337691305103,22.3034139940125,"Medium"
"333",11.1977419831298,21.4380529057743,23.1927763510378,"Surhuman"
"334",8.80010286385569,14.2956670709702,19.3262228739386,"Medium"
"335",-0.870603485206362,19.4102697721783,-16.0188403135426,"Surhuman"
"336",7.87781909869028,17.9952216460306,13.6119724076588,"High"
"337",4.57296018937451,17.6717406561853,3.31623307563645,"High"
"338",14.2984500343697,14.807644823261,37.2467821046168,"Medium"
"339",5.7113832070352,14.9256044668042,9.11690722153575,"Medium"
"340",18.9548090714523,16.6335022950077,51.6957405175485,"High"
"341",8.82980923599824,18.2508523240771,17.5836686461883,"Surhuman"
"342",12.2202476430869,16.6920942869598,29.4626668710503,"High"
"343",7.62059466313295,18.6955090465682,12.3742991934312,"Surhuman"
"344",5.76585270516178,12.5152097249959,11.0329925662646,"Medium"
"345",8.64669794023314,19.5033030620289,15.9457990516394,"Surhuman"
"346",3.48371018633981,18.298988055977,-0.796231813877467,"Surhuman"
"347",7.04964811199101,11.2715637124901,16.3405954832556,"Medium"
"348",4.26263467592845,14.9979223442842,4.50208479055708,"Medium"
"349",19.0230538427241,9.14289644369516,57.8409461109511,"Low"
"350",13.0631372145005,23.0243708734227,27.649227580502,"Surhuman"
"351",3.26397594206765,16.9994760227185,0.0831102995580673,"High"
"352",10.00268128295,14.7228417067804,23.5117034800509,"Medium"
"353",10.9649632931114,8.6390901425158,31.1864257115666,"Low"
"354",1.09720155809365,8.8873945728372,-2.36555160509441,"Low"
"355",11.4816689320835,17.0349028494164,26.8490797286246,"High"
"356",7.17483023420462,16.520802495302,12.7496161812152,"High"
"357",13.5102930469665,21.5715466840175,30.8685888828854,"Surhuman"
"358",11.120220646032,13.7154316618823,27.8193887771341,"Medium"
"359",16.5136158446012,18.4381030547295,43.1281071283555,"Surhuman"
"360",12.8079717317283,22.0459314931195,27.579969768804,"Surhuman"
"361",14.3554180065367,18.1333946560656,35.6436267639758,"Surhuman"
"362",12.6527068049132,17.4143441962184,30.2490546176908,"High"
"363",8.86131831344302,21.0312999084513,15.3210704738355,"Surhuman"
"364",10.9772042560138,17.8861827759584,24.6857877334014,"High"
"365",9.86035801109103,17.8298712057969,21.4590969569434,"High"
"366",13.7546198566822,10.5282654540311,39.2636431154701,"Low"
"367",7.19428401566566,15.5875976725074,13.8493268611643,"High"
"368",7.15013813636566,2.47720109689607,22.7105933199761,"Low"
"369",7.53082288030138,10.0142821747383,18.8737924854733,"Low"
"370",2.93807128820729,18.0345938283391,-2.81671133738708,"Surhuman"
"371",4.52851822845442,13.8834483634129,5.42171563242179,"Medium"
"372",-4.56202098544745,5.51502580651342,-18.4135701861829,"Low"
"373",11.8073515093409,10.2252806985863,32.0900140103774,"Low"
"374",10.3993083747288,18.6397893064785,22.0709978132104,"Surhuman"
"375",14.8921048462804,11.819977652268,41.5503371151389,"Medium"
"376",9.47997501614475,16.153810266406,21.218048828994,"High"
"377",6.44794411463549,18.1883184440591,9.19194347652116,"Surhuman"
"378",14.767074182293,18.5558971235667,37.2694064172469,"Surhuman"
"379",10.5528520673514,17.6919392566997,23.1569429598217,"High"
"380",9.01776829850413,15.1520256534103,20.4582994774843,"High"
"381",6.76991099676457,17.4815155543285,11.1184733369258,"High"
"382",7.90854956636267,15.9295213267275,15.5697328846256,"High"
"383",0.937051483554295,18.5090603244693,-9.02748676988871,"Surhuman"
"384",6.97214995683238,10.3752760819563,16.5921578665017,"Low"
"385",13.5515773343587,17.3676390183825,33.2231439682252,"High"
"386",12.5812548794843,11.1269276065522,33.8860840858003,"Medium"
"387",9.44237679852357,15.8868884954134,20.6092825640366,"High"
"388",17.3380103205222,13.0284128052714,49.6689844153725,"Medium"
"389",17.9651323680099,23.6172320639698,43.660205859035,"Surhuman"
"390",9.85536095068444,11.6474883947994,24.549693925791,"Medium"
"391",14.346876549059,12.479620648671,39.9740281175296,"Medium"
"392",12.1288429689963,8.78183493425388,34.90080986068,"Low"
"393",-1.50065506985882,13.4907151040841,-14.2740154411947,"Medium"
"394",6.68764829811736,24.7868267413128,6.19587362561736,"Surhuman"
"395",9.03252800853116,19.0351202738499,17.9102462223753,"Surhuman"
"396",8.75425396489991,13.8546853353899,19.94351095842,"Medium"
"397",6.81968073805637,10.2819381530404,16.0397923950048,"Low"
"398",9.00654815343325,9.17803182261248,23.9967470380877,"Low"
"399",9.40292008730631,6.57471021919281,27.6118020665676,"Low"
"400",11.4191584645023,19.6889454276321,25.4828496364232,"Surhuman"
"401",5.74969225387576,15.2904314368662,9.36717812891326,"High"
"402",-4.20372973272561,1.74430307927157,-15.801061243778,"Low"
"403",17.0269120248819,21.0396795442342,42.1018334612993,"Surhuman"
"404",6.34301741400435,21.9432804276899,6.9086630679124,"Surhuman"
"405",9.56434011023163,13.1449972310443,23.227978630144,"Medium"
"406",10.9532888726894,15.9939612478405,26.1078114690014,"High"
"407",3.23578352947659,13.6408798247029,2.11638957516933,"Medium"
"408",5.68851156759853,14.7670335270447,9.1941750948588,"Medium"
"409",6.71552769733134,10.764294678675,14.8829802162458,"Low"
"410",9.95989646897691,13.9165085160326,24.5289930130265,"Medium"
"411",13.1172538924727,13.4687713315621,34.7837942626223,"Medium"
"412",8.41997346712796,14.3762657800827,18.7265959963283,"Medium"
"413",11.0548973169283,8.54307326714927,31.6496163983033,"Low"
"414",7.42533779442365,17.3808648586732,12.9060467515475,"High"
"415",14.7144241287063,11.8716400648437,41.7218341298008,"Medium"
"416",8.26079209128842,16.883870180208,16.025213459785,"High"
"417",-1.00520498995015,10.603921959568,-10.2599131427302,"Low"
"418",5.9773306477063,9.11240524121109,14.2972953377732,"Low"
"419",4.60708453540588,4.06395137992756,12.4536357447591,"Low"
"420",15.3733928603538,8.98181545401252,45.0735431728275,"Low"
"421",13.6825127008658,14.2100777397492,35.705301417469,"Medium"
"422",2.26308344909311,11.7329890668946,-0.641841217373867,"Medium"
"423",12.3715703283903,9.54826098177515,34.3627708772517,"Low"
"424",13.0870604284858,18.4838947095811,31.292393766538,"Surhuman"
"425",14.5985672834251,17.8986355196968,36.9890742661601,"High"
"426",13.5424181189178,18.648380250553,32.3947736440929,"Surhuman"
"427",6.98412551885347,22.1146106160713,7.87357661739206,"Surhuman"
"428",8.4502895000921,17.3918300845021,16.7367353936988,"High"
"429",9.70456081518068,15.2768165680368,22.2630387497307,"High"
"430",6.34124652689035,11.7541611324251,13.4853794734083,"Medium"
"431",14.651688833838,11.7132059443837,40.4728955561407,"Medium"
"432",13.4716915084141,20.0355516556397,31.3237718827876,"Surhuman"
"433",9.72405059856206,15.3886679432565,22.3800893907243,"High"
"434",6.39984816481781,15.4831304004678,10.7934044948125,"High"
"435",7.81445823605025,28.609206103658,7.02452605578327,"Surhuman"
"436",9.27224543831388,17.6433304938207,19.1842642899505,"High"
"437",14.1811557509756,23.2920029026779,31.6588958278723,"Surhuman"
"438",9.39495656266414,15.4679484286859,20.8874525354081,"High"
"439",8.45731104502934,19.739530677448,14.4156828936307,"Surhuman"
"440",9.15844496345318,16.3427344045176,20.0964044979182,"High"
"441",5.81227805031357,19.1824247409672,5.99090681323508,"Surhuman"
"442",-0.68997542356513,14.3387416525155,-12.1950290453972,"Medium"
"443",10.2347482473589,19.2024514518819,21.9375720131426,"Surhuman"
"444",13.42650083298,17.3898710911447,32.6435789569447,"High"
"445",11.5764226013215,12.8781106502823,30.1764010829732,"Medium"
"446",10.9012523282823,23.8603542497226,20.9074909515598,"Surhuman"
"447",-6.47614929962336,2.33055011773948,-22.9261441499086,"Low"
"448",4.38294134846063,10.5697956099692,7.5089222014883,"Low"
"449",4.12551790065069,16.7877526023809,3.152053677356,"High"
"450",8.37204192910117,17.4314735754081,16.8393156978122,"High"
"451",11.6887478516373,12.5528549782622,30.4385507818925,"Medium"
"452",-0.356209990750957,12.7612745504482,-9.10927599938151,"Medium"
"453",8.03221672831886,13.8127024603587,17.7541341651151,"Medium"
"454",2.49930300475051,18.3803790939324,-4.07991862351877,"Surhuman"
"455",15.6838325656944,15.3141155093031,41.5069691871545,"High"
"456",4.55753174095799,23.0008578724058,-0.33085263465283,"Surhuman"
"457",8.94382138932762,8.38848403816824,24.5877351697513,"Low"
"458",9.84560756853946,21.1084178937632,18.4325926972276,"Surhuman"
"459",11.0931842157072,12.6152894335592,29.1559677962394,"Medium"
"460",5.45265607072594,13.4832336471193,8.6202928262166,"Medium"
"461",9.76075169753179,10.0268371934636,26.2679758401176,"Low"
"462",7.04390531400157,13.9817404102147,14.786886509159,"Medium"
"463",3.16271511265628,14.961677777729,0.200346349192569,"Medium"
"464",8.35959088851304,12.9705626414114,19.338789637035,"Medium"
"465",10.4171832621099,17.341327302248,23.3995930123476,"High"
"466",7.10056660989993,15.071488552062,13.5024635285456,"High"
"467",7.64020130017723,22.1624400679514,10.1997290530209,"Surhuman"
"468",10.3317774368708,13.2375885848062,25.7903719120517,"Medium"
"469",11.1086378198478,26.2308383167652,19.6966099136207,"Surhuman"
"470",9.86960912136804,9.58558831594744,26.5199358778356,"Low"
"471",14.9824059933,13.6896894462372,41.1600390242885,"Medium"
"472",18.9937562351448,17.8629711758373,51.6627058503379,"High"
"473",14.5796839435976,21.5845678494109,33.9171662093649,"Surhuman"
"474",9.28210660608522,18.1655786320862,18.2758792172934,"Surhuman"
"475",5.07784949032721,14.5102877405267,7.66930491286578,"Medium"
"476",10.432477322506,15.599164960036,24.8133663690123,"High"
"477",10.669856941872,17.8094343317362,23.3358487459876,"High"
"478",15.6792936115199,20.5281443408778,38.9107778602685,"Surhuman"
"479",11.1657923965073,13.8100730763431,27.517842051939,"Medium"
"480",10.8034636505923,12.602393958506,27.0922003591747,"Medium"
"481",7.60116208059045,13.4059405848745,16.1431318292552,"Medium"
"482",7.44062122440906,17.6596647365401,13.694193981904,"High"
"483",-0.675870376548337,19.6803893786572,-15.6016534073169,"Surhuman"
"484",12.7935650976734,12.957337329167,33.3512466712483,"Medium"
"485",16.7952178397294,18.3448462187082,43.8398890039988,"Surhuman"
"486",9.81799723818433,19.593563351149,19.0859909895516,"Surhuman"
"487",10.4021575487217,14.4753655499776,24.5359752676758,"Medium"
"488",10.1240982781745,17.4791109995274,22.7544414880874,"High"
"489",4.13247218116244,3.24118565765871,11.7413825257222,"Low"
"490",11.5218586582944,18.5393193388482,26.6337781803201,"Surhuman"
"491",11.4813621349964,14.8921441840281,28.3846794548435,"Medium"
"492",16.293150147065,17.5518305394576,43.0970895992598,"High"
"493",11.2180391772499,15.4771482553626,27.1071514539342,"High"
"494",-1.93040333543903,18.5236182032437,-18.5915821057313,"Surhuman"
"495",8.48911787090003,14.950597059808,18.5624496492052,"Medium"
"496",6.35166074875331,11.165866157856,13.7110979970555,"Medium"
"497",11.6628133368411,9.45033888041673,32.7800919832534,"Low"
"498",5.36667416783294,4.56129579761876,15.0133232277969,"Low"
"499",4.9692552924367,14.8816946536131,6.44856369621532,"Medium"
"500",4.3013638713383,23.9026279280846,-1.95165761150562,"Surhuman"
"501",3.21716672630964,13.2989351191735,1.86929935495066,"Medium"
"502",5.03378120161293,15.8256274315756,6.30584643027398,"High"
"503",18.8692753219715,30.0381836295137,42.2530789582421,"Surhuman"
"504",2.44621340454775,10.4967052358288,1.16170867846196,"Low"
"505",7.5990857157871,26.3096863468341,7.52340801935052,"Surhuman"
"506",2.20718853904671,17.49379543575,-4.53108561984292,"High"
"507",3.09167806776044,15.1581713223455,0.675401648400692,"High"
"508",7.03140644123131,11.8954584534687,16.1199423095344,"Medium"
"509",9.71986132302029,16.2112326063436,21.1062147719853,"High"
"510",8.0854408554032,16.2071406013936,16.5002577155573,"High"
"511",2.91504500873915,0.0034310476286592,10.2581098481946,"Low"
"512",0.721851480376875,15.5864733320762,-7.97789585672694,"High"
"513",10.1709959762268,13.2598590895462,24.9476759960004,"Medium"
"514",7.12934611766208,6.8685483980156,19.6122375338098,"Low"
"515",12.8286216247192,12.5199018914215,34.7239207355076,"Medium"
"516",4.08562586038838,19.101932714527,0.22079121585542,"Surhuman"
"517",4.43291300125417,8.99749117158871,8.57002424882994,"Low"
"518",12.3231657184048,14.6328306452645,30.8697008781396,"Medium"
"519",2.61230367969877,7.89356713042794,4.10877445769557,"Low"
"520",3.45550437740449,15.1535054037203,0.892805806353151,"High"
"521",13.1941730725016,16.0067628992469,33.1116187090831,"High"
"522",9.50357968948646,11.0536551619112,24.6690102680121,"Medium"
"523",6.56456231641517,19.1833316632889,9.13920529491559,"Surhuman"
"524",6.90478239154858,11.343166083291,14.8076104173528,"Medium"
"525",13.8753430182918,26.2128365914959,28.8902298242878,"Surhuman"
"526",6.89125360309294,8.6952186864342,17.251135458367,"Low"
"527",11.637944327523,13.5903763378986,29.9877927519526,"Medium"
"528",11.6156257590386,15.7220943781148,28.7092005553965,"High"
"529",13.056378190002,20.2431648093965,30.0629205789783,"Surhuman"
"530",8.43555219976313,28.0585377118265,8.94876813990071,"Surhuman"
"531",16.2359800161651,22.6449971174341,39.3477532330124,"Surhuman"
"532",12.8419866479965,18.426483873701,29.9500476898396,"Surhuman"
"533",12.7815192545229,14.5741214473394,33.423836122049,"Medium"
"534",3.60717200547721,10.3579690633616,4.9479865510543,"Low"
"535",16.0791095397568,15.4363947261402,42.6566204312827,"High"
"536",12.3019947416371,19.7915312411682,28.1980439104601,"Surhuman"
"537",5.23001379638742,23.121735504406,1.84710478090031,"Surhuman"
"538",6.94456039308866,18.9312082138264,10.2113943858869,"Surhuman"
"539",8.46063339496044,9.62691878668659,21.2001432568357,"Low"
"540",11.1407931793646,21.0013527020199,22.7067126205529,"Surhuman"
"541",13.8103901212501,20.4848414489722,31.870272701571,"Surhuman"
"542",11.5454805546762,20.0081913143243,24.9762786424341,"Surhuman"
"543",12.2112783790449,13.7919199514423,31.1494888243039,"Medium"
"544",5.24546331156817,10.0284947570478,10.5759365906533,"Low"
"545",13.8884921983458,9.31442746673345,39.64913030817,"Low"
"546",12.8087017229032,3.23149462511034,40.4914520482829,"Low"
"547",12.9091602330074,7.29947482938022,38.4854634046849,"Low"
"548",10.8209758581871,14.8796930693317,26.5452845834348,"Medium"
"549",8.04303169734171,14.1824072957455,16.7528636331503,"Medium"
"550",8.9787330964049,20.9662750921119,15.8710745758221,"Surhuman"
"551",17.4482335292462,11.5386953600502,50.0183050125673,"Medium"
"552",17.5828721400269,15.7097234114105,48.2796312531165,"High"
"553",6.75973767513325,15.4148950445837,12.7667630726816,"High"
"554",20.9093598701946,13.1672144336337,61.3411089281281,"Medium"
"555",8.83395709355826,4.48407754688621,26.5456713386649,"Low"
"556",4.77184477056182,16.1922109433101,5.50105187860438,"High"
"557",11.5141184909917,13.986020106424,28.4268724885928,"Medium"
"558",12.9545940075403,24.4401112395899,26.224273431437,"Surhuman"
"559",2.28384728293621,10.2768945869763,0.737134107830141,"Low"
"560",11.6783893476018,16.4915389286614,27.5870893647602,"High"
"561",22.2560884059209,21.2236986551194,59.3987393478054,"Surhuman"
"562",7.74988412784441,14.6388754267776,16.0316443772642,"Medium"
"563",10.6248775336113,22.5161534092181,20.2735812077327,"Surhuman"
"564",10.4160429289358,16.3741059722433,23.3824885924554,"High"
"565",0.938331291162645,14.9907961555578,-6.58747000361149,"Medium"
"566",6.96567942307587,13.5126069470894,14.8092210878312,"Medium"
"567",11.7113420279725,12.4943233079537,30.1538263787128,"Medium"
"568",13.3691993024125,18.5729861018421,32.6919859814402,"Surhuman"
"569",11.0482655268517,23.3057590933657,21.1486640368125,"Surhuman"
"570",8.40558445430984,18.5387061209068,15.784367449843,"Surhuman"
"571",9.48420089624112,12.7423125555099,22.9940143511511,"Medium"
"572",4.75107517741939,10.1245274394735,9.44210613073074,"Low"
"573",7.67607335465362,14.4037882938817,16.2020067518176,"Medium"
"574",9.86442847337488,12.2485918775114,25.3087230232262,"Medium"
"575",2.61293919852483,14.5710288965134,-0.786391992912524,"Medium"
"576",3.63892847683246,9.12000378498231,6.33401718277747,"Low"
"577",10.0507858006955,10.8740548001913,26.3595461248899,"Low"
"578",6.42280231656932,23.7648242163109,5.06236913450185,"Surhuman"
"579",15.1984186244936,19.9594953666494,37.3991209680159,"Surhuman"
"580",7.44429201462084,13.7616091670369,15.6882299493059,"Medium"
"581",9.55818770978721,21.6999705946718,17.0235277557977,"Surhuman"
"582",6.32144814532486,19.8094238229231,7.29624614734097,"Surhuman"
"583",14.5182718887096,17.137083954453,37.5215705737219,"High"
"584",14.8436622616332,12.0118118640519,41.5784153191858,"Medium"
"585",12.8012864473008,14.3573811710353,32.8063208152887,"Medium"
"586",13.7285626285556,22.357806375566,30.8910030223297,"Surhuman"
"587",7.91823343910814,17.0059057753092,15.4299429601531,"High"
"588",4.36768177940382,12.6317356913765,5.47757646149572,"Medium"
"589",15.1223274589909,16.6156176496213,39.2406136180708,"High"
"590",16.5898993565783,18.6193150746856,43.1105982010069,"Surhuman"
"591",2.63808055554924,14.8710201609956,-1.54068804472449,"Medium"
"592",7.02005981939693,17.6086128786691,11.7393664111631,"High"
"593",11.0939639544343,18.5818362942103,24.2592611293048,"Surhuman"
"594",14.7288007328498,19.8887047272204,35.8951243204441,"Surhuman"
"595",8.5664506828384,8.62246655068002,23.1260240835315,"Low"
"596",9.84336112694846,8.43056740920337,26.9956808617269,"Low"
"597",11.3968657315023,3.82191912656568,34.8640087917404,"Low"
"598",-1.7423847385868,13.3640811022482,-14.14266214328,"Medium"
"599",11.7641557818252,11.5100713233567,31.6175845438456,"Medium"
"600",4.98680452966353,18.1601469972323,5.01432760534524,"Surhuman"
"601",1.71196002759706,8.29914320712132,0.658984164635331,"Low"
"602",14.0430432226276,19.5619947381309,34.3800996440621,"Surhuman"
"603",7.01778180803117,19.9952844182524,9.5016777560699,"Surhuman"
"604",7.38088917439246,12.7720266854092,16.0705301788959,"Medium"
"605",15.4324292457118,15.9494082538847,41.2419428614033,"High"
"606",11.7933181880914,8.99241469767486,33.8014693072824,"Low"
"607",11.7958533711923,17.0989653761734,28.2739855750015,"High"
"608",12.4947047040194,22.3045154850016,26.3050683866405,"Surhuman"
"609",8.41735689279288,9.45699986351052,21.3980988603201,"Low"
"610",3.39430292034267,18.0908267556716,-0.540444833423063,"Surhuman"
"611",7.68138633402857,12.8547538028985,16.9447983735225,"Medium"
"612",16.3379347836735,18.6956385646628,41.3441717275777,"Surhuman"
"613",9.06143139067086,12.656406768873,21.5272358997746,"Medium"
"614",8.70085444645393,8.42662541899317,23.2396270678784,"Low"
"615",13.1759027752947,16.890193769749,32.9788861416989,"High"
"616",1.60938522707158,3.32639398429121,3.72588957295864,"Low"
"617",8.48932931947308,8.16289038344542,22.3492869164831,"Low"
"618",9.22800410171246,12.1504383309836,22.4672045737823,"Medium"
"619",18.6473391525671,15.9763798303199,51.5924980054892,"High"
"620",9.34364130666125,19.6788433257742,17.5194940528237,"Surhuman"
"621",13.5811570386293,18.6194121180463,32.2497277030117,"Surhuman"
"622",8.37225568076094,17.5282182184307,15.7435449926465,"High"
"623",8.84177863641587,13.7676974503488,20.4447692922809,"Medium"
"624",6.73276614934637,10.2981157508043,16.1987044893771,"Low"
"625",9.32064383225238,20.3480144200844,18.1555933535007,"Surhuman"
"626",10.2957090910131,21.5680258272543,19.2766545945494,"Surhuman"
"627",3.18922871844711,7.35537807379101,6.08825607059576,"Low"
"628",11.38965300207,10.7410083547793,30.2282865676959,"Low"
"629",7.46070479752673,7.36678468724829,19.3865809161268,"Low"
"630",10.3782836530603,21.2177460183947,20.8595833180298,"Surhuman"
"631",7.9443114089998,12.2755513409959,18.1630074811048,"Medium"
"632",1.04580511837616,15.5813406812356,-6.38688443642526,"High"
"633",10.2956257902675,21.4552325777196,20.4541086247013,"Surhuman"
"634",5.30190577369762,6.93444630042871,13.1698619934908,"Low"
"635",6.70037657518522,7.96323645316843,16.6371866538891,"Low"
"636",-0.138068595322537,14.1339604552599,-9.76816213843001,"Medium"
"637",7.74460361034505,18.9343034334894,13.3550892228881,"Surhuman"
"638",6.08107400871952,20.8416392857185,5.77468152636675,"Surhuman"
"639",12.3314497233891,13.7757473121585,31.5274003227927,"Medium"
"640",7.90524171967285,20.162855869193,12.858319208135,"Surhuman"
"641",15.4504987759853,15.6590395243673,40.5124881203591,"High"
"642",12.2113746384522,27.7782062267402,22.3866963326601,"Surhuman"
"643",-2.24679575471782,10.9775029148342,-15.3160200950193,"Low"
"644",11.9241326732479,18.4142391140317,27.0241635650294,"Surhuman"
"645",12.0561548801569,10.4315660342903,32.749299567749,"Low"
"646",11.454326163471,20.0391604924004,25.454296743027,"Surhuman"
"647",21.129935782537,13.3215943544542,62.1216080278661,"Medium"
"648",7.33883749162759,17.8989428066432,12.663503982513,"High"
"649",11.6397150567194,12.5060055987344,30.0650007983492,"Medium"
"650",5.02226197122662,17.9729279798861,5.29951465267056,"High"
"651",19.5810362745768,19.920956689101,52.5695005640951,"Surhuman"
"652",11.2658798937729,19.9936393873762,23.6187502160195,"Surhuman"
"653",8.04928845646353,16.5951905451756,15.9183476602175,"High"
"654",12.3415852435992,15.3384444936318,31.4816465565024,"High"
"655",8.52075182168885,10.3452418753674,22.0677145653586,"Low"
"656",5.47458770229158,14.3542037410335,8.97769660382695,"Medium"
"657",6.78287926679154,14.9756419741925,12.8915639687591,"Medium"
"658",16.2521271535451,19.8066270652334,41.0089199467411,"Surhuman"
"659",-0.63922971995483,11.3904536212963,-10.1253095910664,"Medium"
"660",14.7345117949766,20.2527443218253,35.9660667238856,"Surhuman"
"661",7.17056695066164,26.4418393805411,6.25967438501026,"Surhuman"
"662",14.4577866024822,13.2633418964408,39.8314283071333,"Medium"
"663",7.23211245489027,19.1345954696182,11.4152926100325,"Surhuman"
"664",4.493976499275,9.16597662231409,9.08474113670388,"Low"
"665",9.4203973345564,19.2821483608553,18.0545011755286,"Surhuman"
"666",8.38295703506504,17.1123053804424,15.8964646509419,"High"
"667",12.0003121343407,23.8841416531607,23.623975297835,"Surhuman"
"668",10.7848123383754,7.64095309213962,31.209723717702,"Low"
"669",5.76849952027617,18.6943887916877,6.24741897543925,"Surhuman"
"670",9.02172509669162,8.37582354397048,24.1065842643605,"Low"
"671",8.69910216708629,13.9566679452099,20.3435936885549,"Medium"
"672",3.09270156431162,12.8653957575068,1.23856402443782,"Medium"
"673",5.0188695860193,13.1828069493868,8.04086886270466,"Medium"
"674",-0.699735637843194,9.43013534887417,-8.98881295978072,"Low"
"675",13.1161382110676,19.5171622958948,30.6322080716745,"Surhuman"
"676",5.04180057637884,13.9628378483453,7.35019808674099,"Medium"
"677",11.9728518731731,15.6919010940808,29.6290934164247,"High"
"678",4.0204718567489,3.84787365042211,10.4686775344768,"Low"
"679",0.370839468377532,13.3109987354518,-8.12444184784537,"Medium"
"680",3.18265158832691,13.1526919786909,1.24127854426926,"Medium"
"681",6.57165017937974,9.019617478672,16.5489061292595,"Low"
"682",11.4324130490034,16.378562691538,27.0948568482457,"High"
"683",6.77957254697649,13.4956105320456,13.1542255058774,"Medium"
"684",-1.00010739883292,18.7058591716763,-15.5455170140768,"Surhuman"
"685",3.84698751248046,21.6027921910135,-1.12737688322363,"Surhuman"
"686",14.7642885594435,30.3351783781905,28.6893690425483,"Surhuman"
"687",1.93663892942145,9.96508947635408,0.304698197089255,"Low"
"688",2.8793465900089,14.3842938473003,0.149718814448399,"Medium"
"689",2.33277135907734,15.2300933709134,-2.54300601403012,"High"
"690",13.3248732564837,23.5062495253295,28.3079286333807,"Surhuman"
"691",8.24603880725956,20.6078357315817,14.1264654691563,"Surhuman"
"692",10.3134973096647,16.1145078169282,23.4728254215055,"High"
"693",12.9280528886909,14.8299542065845,33.7078687593606,"Medium"
"694",2.50543452000189,15.6527151170677,-2.10201862842815,"High"
"695",14.6355237437833,14.371305602498,39.0311494658008,"Medium"
"696",1.80733729315244,14.6944807094413,-4.00109693254318,"Medium"
"697",4.45746883571764,8.06515212504653,9.6357983085936,"Low"
"698",12.2746265481577,14.5635642544368,31.0542858073414,"Medium"
"699",5.13511320376632,14.804599866214,6.73752426998939,"Medium"
"700",15.8523851412339,15.7100117200461,42.4813647314604,"High"
"701",5.38416683152988,4.1637954764603,15.215032925133,"Low"
"702",6.88919250485554,10.361633636059,15.5015203392456,"Low"
"703",10.3891346244819,21.9616740576038,20.4753958009547,"Surhuman"
"704",11.4165479921141,11.5390249545624,29.7991492082598,"Medium"
"705",12.6517721513152,18.0963656958051,29.5289288259071,"Surhuman"
"706",10.3231071544062,13.2022655179689,25.0030742277713,"Medium"
"707",20.7122943338357,12.8051811016904,60.6705673109792,"Medium"
"708",14.9280676853998,29.6037938537879,29.5183809009673,"Surhuman"
"709",12.3439363097131,14.5191818785612,31.9950608330974,"Medium"
"710",8.90300212186452,19.5153654367399,17.2497329752033,"Surhuman"
"711",9.45185148226835,12.5407528152668,22.5390160534171,"Medium"
"712",5.85483990214524,13.7255417324889,9.70381398098945,"Medium"
"713",12.6251709425558,16.1339670013546,30.9330575096535,"High"
"714",12.7429668189815,17.7792670252455,30.1079584768994,"High"
"715",4.24845799303364,9.84137461676024,7.80870817103058,"Low"
"716",8.17065100907712,17.4346397265906,15.2568464716632,"High"
"717",6.55605178469047,18.6153900511187,9.6802537485959,"Surhuman"
"718",-0.00589678946384939,12.1796613968449,-8.29272474617005,"Medium"
"719",16.5022346306302,19.0859074885595,42.8720831708878,"Surhuman"
"720",12.2497152502348,19.8628703354182,28.1117595005851,"Surhuman"
"721",12.5422415790531,15.1657452557714,31.6108435898115,"High"
"722",4.65931293432664,12.3850909690617,6.7795472545098,"Medium"
"723",4.49005452829631,24.9504323002512,-2.13071235753495,"Surhuman"
"724",7.20349064105678,19.6288038509597,11.3964425509226,"Surhuman"
"725",12.402234018056,8.35099807457864,36.3042012374183,"Low"
"726",6.43641125092182,14.476624446552,12.3667085225326,"Medium"
"727",9.75130598684022,17.6339925553306,20.3708831302801,"High"
"728",10.6561144313758,24.5703117249564,19.0059935541748,"Surhuman"
"729",8.85047929837,15.0612418595017,19.8607718501263,"High"
"730",8.17697784598619,14.9964075575853,16.8237737730488,"Medium"
"731",12.1301160847818,12.8041694576122,31.995373337719,"Medium"
"732",11.0244322967089,16.6828456241699,25.6591446857012,"High"
"733",16.1453227579357,22.2530678821023,38.9147470292628,"Surhuman"
"734",10.3009174013876,17.4882749618205,22.6781630159528,"High"
"735",13.949601949408,10.8430770007425,38.7229608797821,"Low"
"736",11.8196909157302,16.3147581081747,28.6510358528369,"High"
"737",11.3517403907532,17.3359959528376,26.9432241826331,"High"
"738",15.0730990628178,21.2882525873199,36.1761955602293,"Surhuman"
"739",12.3224128082953,12.1712013344781,32.8669725682253,"Medium"
"740",1.97561210737679,19.3272412915582,-5.76128567527348,"Surhuman"
"741",9.1658431689389,8.73276224350716,25.1621376236715,"Low"
"742",0.649212525182898,9.36782549420751,-4.61715872479991,"Low"
"743",10.6794082033378,13.5755425504862,26.5117191209855,"Medium"
"744",7.74346418846185,20.8143444688061,11.7708280866894,"Surhuman"
"745",12.8327666400378,6.48418729787086,38.9603144466437,"Low"
